order_id,shipping_mode,days_for_shipping_real,days_for_shipment_scheduled,order_item_quantity,sales,order_profit_per_order,category_name,order_region,order_date,shipping_date,shipping_time_outlier,delay_days,sla_breach,profit_margin_pct,days_for_shipping_real_normalized,order_item_quantity_normalized,sales_normalized
100001,Standard Class,3.0,5,3.0,104.85,8.12,Clothing,Central,2017-01-31 10:06:50.810810808,2017-02-03 10:06:50.810810808,0,-2.0,0,7.744396757272294,0.0588235294117647,0.4000000000000001,0.06414538776931722
100002,Same Day,4.0,0,1.0,36.29,4.34,Sports,West,2017-12-13 02:19:49.189189184,2017-12-17 02:19:49.189189184,0,4.0,1,11.959217415265913,0.08823529411764705,0.0,0.009878263072076492
100003,Second Class,6.0,2,4.0,231.06,10.63,Sports,Central,2017-12-17 11:33:20.000000000,2017-12-23 11:33:20.000000000,0,4.0,1,4.600536657145331,0.14705882352941174,0.6000000000000001,0.16404407225062925
100004,First Class,5.0,1,5.0,198.85,17.57,Electronic Supplies,Central,2017-08-22 13:32:58.378378368,2017-08-27 13:32:58.378378368,0,4.0,1,8.835805883832034,0.11764705882352941,0.8,0.1385489718057908
100005,Standard Class,6.0,4,6.0,130.17,3.33,Electronic Supplies,East,2016-08-23 15:51:21.081081080,2016-08-29 15:51:21.081081080,0,2.0,1,2.5581931320580784,0.14705882352941174,1.0000000000000002,0.0841868638097801
100006,Standard Class,5.0,5,4.0,103.11,20.13,Clothing,West,2017-09-17 20:54:03.243243248,2017-09-22 20:54:03.243243248,0,0.0,0,19.522839685772475,0.11764705882352941,0.6000000000000001,0.06276812993715272
100007,Standard Class,5.0,5,3.0,211.48,18.64,Clothing,West,2017-07-03 20:59:49.189189184,2017-07-08 20:59:49.189189184,0,0.0,0,8.814072252695292,0.11764705882352941,0.4000000000000001,0.14854596400132974
100008,Second Class,6.0,2,1.0,89.35,17.43,Clothing,West,2017-01-19 17:30:48.648648648,2017-01-25 17:30:48.648648648,0,4.0,1,19.507554560716287,0.14705882352941174,0.0,0.051876711678196574
100009,First Class,3.0,2,2.0,85.49,11.53,Clothing,West,2018-06-09 09:29:22.162162160,2018-06-12 09:29:22.162162160,0,1.0,1,13.486957538893437,0.0588235294117647,0.2,0.04882141556776266
100010,Second Class,4.0,2,2.0,78.92,3.09,Sports,West,2015-07-18 18:12:36.756756756,2015-07-22 18:12:36.756756756,0,2.0,1,3.9153573238722754,0.08823529411764705,0.2,0.043621079960107015
100011,Standard Class,3.0,5,4.0,151.03,19.65,Sports,Central,2018-03-31 05:53:09.189189184,2018-04-03 05:53:09.189189184,0,-2.0,0,13.010660133748262,0.0588235294117647,0.6000000000000001,0.10069812724595925
100012,Same Day,8.0,0,5.0,118.1,20.64,Electronic Supplies,South,2015-04-22 01:42:20.540540540,2015-04-30 01:42:20.540540540,0,8.0,1,17.476714648602883,0.20588235294117646,0.8,0.074633127008501
100013,Second Class,7.0,3,2.0,134.32,13.94,Clothing,Central,2017-07-18 11:44:51.891891888,2017-07-25 11:44:51.891891888,0,4.0,1,10.378201310303753,0.1764705882352941,0.2,0.08747170289224145
100014,Standard Class,2.0,3,5.0,242.06,28.06,Electronic Supplies,East,2018-11-23 00:02:52.972972976,2018-11-25 00:02:52.972972976,0,-1.0,0,11.592167231264975,0.029411764705882353,0.8,0.17275087463787617
100015,Standard Class,5.0,4,3.0,322.51,21.25,Clothing,West,2018-10-02 20:25:13.513513504,2018-10-07 20:25:13.513513504,0,1.0,1,6.588942978512294,0.11764705882352941,0.4000000000000001,0.23642926118824104
100016,Standard Class,7.0,3,3.0,442.66,49.55,Clothing,East,2018-08-06 20:29:32.972972976,2018-08-13 20:29:32.972972976,0,4.0,1,11.19369267609452,0.1764705882352941,0.4000000000000001,0.3315312890816698
100017,Standard Class,3.0,5,1.0,179.31,23.14,Clothing,South,2016-02-14 05:01:15.675675676,2016-02-17 05:01:15.675675676,0,-2.0,0,12.905024817355418,0.0588235294117647,0.0,0.12308252465608131
100018,First Class,5.0,1,1.0,216.14,13.77,Sports,East,2018-07-14 11:17:28.648648640,2018-07-19 11:17:28.648648640,0,4.0,1,6.370870731933007,0.11764705882352941,0.0,0.15223448210356344
100019,Standard Class,7.0,5,2.0,194.95,4.61,Clothing,South,2018-01-17 04:07:55.675675680,2018-01-24 04:07:55.675675680,0,2.0,1,2.3647088997178765,0.1764705882352941,0.2,0.13546201459576687
100020,Standard Class,2.0,3,3.0,58.08,12.37,Electronic Supplies,South,2016-04-11 04:56:56.216216216,2016-04-13 04:56:56.216216216,0,-1.0,0,21.298209366391184,0.029411764705882353,0.4000000000000001,0.027125647073722867
100021,Standard Class,5.0,2,1.0,135.6,21.47,Electronic Supplies,South,2017-03-13 08:12:58.378378376,2017-03-18 08:12:58.378378376,0,3.0,1,15.833333333333332,0.11764705882352941,0.0,0.08848485807912108
100022,First Class,3.0,3,2.0,136.0,9.0,Electronic Supplies,South,2015-09-12 07:03:47.027027028,2015-09-15 07:03:47.027027028,0,0.0,0,6.61764705882353,0.0588235294117647,0.2,0.08880146907502097
100023,Standard Class,7.0,3,4.0,123.71,15.78,Clothing,South,2016-06-26 04:51:10.270270272,2016-07-03 04:51:10.270270272,0,4.0,1,12.755638186080349,0.1764705882352941,0.6000000000000001,0.07907359622599693
100024,Standard Class,8.0,3,4.0,167.9,-1.39,Electronic Supplies,West,2017-02-09 04:33:52.432432432,2017-02-17 04:33:52.432432432,0,5.0,1,-0.8278737343656938,0.20588235294117646,0.6000000000000001,0.11405119599803702
100025,Standard Class,7.0,4,5.0,149.51,-7.2,Sports,East,2015-11-03 21:45:56.756756756,2015-11-10 21:45:56.756756756,0,3.0,1,-4.8157313892047355,0.1764705882352941,0.8,0.09949500546153967
100026,Second Class,4.0,2,2.0,90.82,17.87,Clothing,Central,2015-12-10 10:38:33.513513512,2015-12-14 10:38:33.513513512,0,2.0,1,19.676282757101962,0.08823529411764705,0.2,0.053040257088128664
100027,Standard Class,6.0,4,2.0,156.31,20.06,Clothing,West,2015-05-28 14:34:57.297297296,2015-06-03 14:34:57.297297296,0,2.0,1,12.833471946772438,0.14705882352941174,0.2,0.10487739239183777
100028,First Class,6.0,1,3.0,113.82,12.09,Clothing,South,2018-12-12 00:01:26.486486480,2018-12-18 00:01:26.486486480,0,5.0,1,10.622034791776489,0.14705882352941174,0.4000000000000001,0.07124538935237221
100029,First Class,4.0,2,2.0,31.42,4.04,Clothing,West,2018-08-11 05:43:03.783783776,2018-08-15 05:43:03.783783776,0,2.0,1,12.858052196053467,0.08823529411764705,0.2,0.006023524196995363
100030,Standard Class,6.0,4,1.0,69.54,25.6,Sports,South,2018-10-16 00:05:45.945945936,2018-10-22 00:05:45.945945936,0,2.0,1,36.81334483750359,0.14705882352941174,0.0,0.03619655210625465
100031,First Class,2.0,1,1.0,182.69,32.8,Electronic Supplies,South,2016-05-20 15:58:33.513513512,2016-05-22 15:58:33.513513512,0,1.0,1,17.95391099677048,0.029411764705882353,0.0,0.12575788757143533
100032,Standard Class,5.0,3,2.0,350.63,9.24,Clothing,Central,2015-07-23 03:26:07.567567566,2015-07-28 03:26:07.567567566,0,2.0,1,2.635256538231184,0.11764705882352941,0.2,0.2586870142000031
100033,Standard Class,3.0,5,1.0,35.6,-0.87,Sports,Central,2017-06-26 13:37:17.837837840,2017-06-29 13:37:17.837837840,0,-2.0,0,-2.4438202247191008,0.0588235294117647,0.0,0.009332109104149187
100034,Second Class,2.0,3,2.0,97.93,17.24,Electronic Supplies,East,2016-12-30 06:27:44.864864864,2017-01-01 06:27:44.864864864,0,-1.0,0,17.60441131420402,0.029411764705882353,0.2,0.05866801754024918
100035,Same Day,2.0,0,1.0,228.25,40.74,Clothing,Central,2016-06-24 17:46:40.000000000,2016-06-26 17:46:40.000000000,0,2.0,1,17.848849945235486,0.029411764705882353,0.0,0.16181988000443254
100036,Second Class,5.0,3,1.0,305.16,47.61,Electronic Supplies,West,2015-10-17 08:51:53.513513512,2015-10-22 08:51:53.513513512,0,2.0,1,15.601651592607155,0.11764705882352941,0.0,0.22269625924108344
100037,Standard Class,4.0,4,3.0,131.23,5.9,Sports,South,2017-10-01 00:34:35.675675680,2017-10-05 00:34:35.675675680,0,0.0,0,4.49592318829536,0.08823529411764705,0.4000000000000001,0.0850258829489148
100038,Standard Class,5.0,4,3.0,110.63,15.38,Sports,West,2017-05-03 11:50:37.837837840,2017-05-08 11:50:37.837837840,0,1.0,1,13.902196510892164,0.11764705882352941,0.4000000000000001,0.0687204166600706
100039,First Class,2.0,2,3.0,381.0,19.86,Clothing,East,2018-08-09 18:38:33.513513504,2018-08-11 18:38:33.513513504,0,0.0,0,5.21259842519685,0.029411764705882353,0.4000000000000001,0.2827257040637021
100040,Standard Class,4.0,5,1.0,289.3,47.16,Sports,Central,2015-03-28 05:25:45.945945946,2015-04-01 05:25:45.945945946,0,-1.0,0,16.30141721396474,0.08823529411764705,0.0,0.21014263325365287
100041,Standard Class,4.0,3,1.0,301.3,56.83,Clothing,East,2016-04-24 08:37:28.648648648,2016-04-28 08:37:28.648648648,0,1.0,1,18.861599734483903,0.08823529411764705,0.0,0.2196409631306495
100042,Standard Class,6.0,3,3.0,127.2,8.46,Sports,East,2015-05-21 07:12:25.945945946,2015-05-27 07:12:25.945945946,0,3.0,1,6.650943396226415,0.14705882352941174,0.4000000000000001,0.08183602716522345
100043,Standard Class,4.0,4,3.0,355.63,71.32,Clothing,East,2016-03-31 23:25:24.324324320,2016-04-04 23:25:24.324324320,0,0.0,0,20.054551078367965,0.08823529411764705,0.4000000000000001,0.2626446516487517
100044,Second Class,5.0,3,2.0,48.7,5.8,Electronic Supplies,Central,2018-11-24 11:07:23.243243232,2018-11-29 11:07:23.243243232,0,2.0,1,11.909650924024639,0.11764705882352941,0.2,0.01970111921987051
100045,Standard Class,6.0,5,2.0,359.71,53.72,Clothing,East,2016-03-12 23:26:50.810810808,2016-03-18 23:26:50.810810808,0,1.0,1,14.934252592366073,0.14705882352941174,0.2,0.26587408380693056
100046,First Class,5.0,1,5.0,165.13,0.86,Clothing,Central,2016-02-09 19:47:44.864864864,2016-02-14 19:47:44.864864864,0,4.0,1,0.5208017925270998,0.11764705882352941,0.8,0.11185866485143027
100047,Standard Class,3.0,4,2.0,187.51,24.11,Sports,South,2018-09-12 09:22:09.729729728,2018-09-15 09:22:09.729729728,0,-1.0,0,12.857980907684924,0.0588235294117647,0.2,0.129573050072029
100048,First Class,1.0,2,2.0,93.28,5.22,Clothing,Central,2017-05-28 08:07:12.432432432,2017-05-29 08:07:12.432432432,0,-1.0,0,5.596054888507719,0.0,0.2,0.05498741471291298
100049,First Class,6.0,2,3.0,53.03,7.85,Sports,Central,2016-10-03 13:57:28.648648648,2016-10-09 13:57:28.648648648,0,4.0,1,14.802941731095606,0.14705882352941174,0.4000000000000001,0.02312843325048679
100050,Standard Class,1.0,4,2.0,184.94,42.05,Electronic Supplies,Central,2018-05-08 05:50:16.216216208,2018-05-09 05:50:16.216216208,0,-3.0,0,22.73710392559749,0.0,0.2,0.1275388244233722
100051,Same Day,6.0,0,2.0,246.76,32.86,Sports,East,2017-04-13 00:47:34.054054048,2017-04-19 00:47:34.054054048,0,6.0,1,13.316582914572864,0.14705882352941174,0.2,0.17647105383969983
100052,Second Class,4.0,2,2.0,272.26,10.33,Clothing,West,2018-07-08 14:59:27.567567568,2018-07-12 14:59:27.567567568,0,2.0,1,3.7941673400426064,0.08823529411764705,0.2,0.19665500482831766
100053,Second Class,7.0,3,4.0,253.82,40.64,Sports,West,2016-01-17 10:35:40.540540540,2016-01-24 10:35:40.540540540,0,4.0,1,16.01134662359152,0.1764705882352941,0.6000000000000001,0.18205923791733283
100054,Second Class,6.0,3,1.0,219.05,31.14,Sports,East,2017-04-24 17:23:36.216216208,2017-04-30 17:23:36.216216208,0,3.0,1,14.215932435517004,0.14705882352941174,0.0,0.15453782709873512
100055,First Class,9.0,2,1.0,94.59,25.98,Electronic Supplies,West,2015-02-03 14:43:36.216216216,2015-02-12 14:43:36.216216216,1,7.0,1,27.465905486837933,0.23529411764705882,0.0,0.056024315724485116
100056,Second Class,4.0,3,2.0,283.97,37.01,Clothing,East,2015-02-13 20:15:08.108108108,2015-02-17 20:15:08.108108108,0,1.0,1,13.033066873261259,0.08823529411764705,0.2,0.2059237917332869
100057,Standard Class,5.0,3,4.0,87.96,5.56,Clothing,West,2017-06-20 17:19:16.756756752,2017-06-25 17:19:16.756756752,0,2.0,1,6.321055025011368,0.11764705882352941,0.6000000000000001,0.05077648846744447
100058,Standard Class,4.0,4,1.0,354.1,60.78,Sports,Central,2015-01-15 14:45:02.702702702,2015-01-19 14:45:02.702702702,0,0.0,0,17.164642756283534,0.08823529411764705,0.0,0.2614336145894347
100059,Standard Class,4.0,4,6.0,163.27,16.29,Clothing,East,2015-11-19 23:35:29.729729728,2015-11-23 23:35:29.729729728,0,0.0,0,9.977338151528143,0.08823529411764705,1.0000000000000002,0.11038642372049583
100060,Standard Class,5.0,3,2.0,166.84,19.42,Clothing,West,2018-04-13 09:33:41.621621616,2018-04-18 09:33:41.621621616,0,2.0,1,11.639894509709903,0.11764705882352941,0.2,0.11321217685890232
100061,Standard Class,6.0,4,6.0,302.73,10.81,Clothing,South,2016-03-08 14:13:20.000000000,2016-03-14 14:13:20.000000000,0,2.0,1,3.5708387011528426,0.14705882352941174,1.0000000000000002,0.22077284744099163
100062,Standard Class,8.0,3,5.0,330.62,33.13,Electronic Supplies,West,2015-03-20 22:03:14.594594594,2015-03-28 22:03:14.594594594,0,5.0,1,10.020567418788943,0.20588235294117646,0.8,0.24284854913011128
100063,Second Class,5.0,2,2.0,284.55,32.0,Electronic Supplies,Central,2017-03-03 02:41:26.486486480,2017-03-08 02:41:26.486486480,0,3.0,1,11.245826743981725,0.11764705882352941,0.2,0.20638287767734173
100064,Standard Class,4.0,4,1.0,101.16,10.09,Sports,Central,2015-11-02 10:41:26.486486484,2015-11-06 10:41:26.486486484,0,0.0,0,9.974298141557929,0.08823529411764705,0.0,0.061224651332140764
100065,Standard Class,4.0,4,1.0,283.08,17.76,Clothing,South,2017-06-01 17:20:43.243243248,2017-06-05 17:20:43.243243248,0,0.0,0,6.273844849512507,0.08823529411764705,0.0,0.2052193322674096
100066,First Class,5.0,1,1.0,101.53,13.51,Clothing,Central,2017-10-08 07:57:07.027027024,2017-10-13 07:57:07.027027024,0,4.0,1,13.306411897961192,0.11764705882352941,0.0,0.06151751650334816
100067,Standard Class,3.0,4,3.0,287.76,10.39,Electronic Supplies,Central,2017-08-25 11:41:58.918918912,2017-08-28 11:41:58.918918912,0,-1.0,0,3.6106477620239095,0.0588235294117647,0.4000000000000001,0.2089236809194383
100068,Second Class,2.0,2,1.0,68.28,1.18,Electronic Supplies,Central,2018-06-19 15:00:54.054054048,2018-06-21 15:00:54.054054048,0,0.0,0,1.7281780902167545,0.029411764705882353,0.0,0.03519922746917001
100069,Standard Class,4.0,3,2.0,162.25,27.06,Electronic Supplies,East,2015-04-13 07:15:18.918918919,2015-04-17 07:15:18.918918919,0,1.0,1,16.677966101694913,0.08823529411764705,0.2,0.10957906568095109
100070,Same Day,3.0,0,2.0,101.13,16.12,Sports,Central,2017-03-04 13:45:56.756756752,2017-03-07 13:45:56.756756752,0,3.0,1,15.939879363195889,0.0588235294117647,0.2,0.061200905507448264
100071,Second Class,3.0,2,5.0,303.52,1.64,Clothing,East,2015-06-06 09:01:58.918918918,2015-06-09 09:01:58.918918918,0,1.0,1,0.540326831839747,0.0588235294117647,0.8,0.22139815415789388
100072,Standard Class,3.0,3,1.0,355.97,-12.94,Electronic Supplies,East,2016-12-21 12:00:43.243243240,2016-12-24 12:00:43.243243240,0,0.0,0,-3.6351377925106045,0.0588235294117647,0.0,0.26291377099526664
100073,Standard Class,2.0,3,1.0,196.24,5.75,Clothing,South,2017-05-12 06:17:39.459459456,2017-05-14 06:17:39.459459456,0,-1.0,0,2.930085609457807,0.029411764705882353,0.0,0.13648308505754403
100074,Second Class,1.0,2,1.0,192.09,19.16,Clothing,Central,2017-12-18 22:37:50.270270272,2017-12-19 22:37:50.270270272,0,-1.0,0,9.974491123952314,0.0,0.0,0.1331982459750827
100075,Second Class,8.0,2,5.0,272.52,55.14,Sports,East,2016-03-02 17:55:18.918918920,2016-03-10 17:55:18.918918920,0,6.0,1,20.23337736679877,0.20588235294117646,0.8,0.1968608019756526
100076,Second Class,4.0,2,3.0,357.35,34.94,Clothing,West,2016-02-27 08:41:48.108108104,2016-03-02 08:41:48.108108104,0,2.0,1,9.777529033160766,0.08823529411764705,0.4000000000000001,0.26400607893112127
100077,Second Class,4.0,3,1.0,176.66,8.56,Clothing,West,2017-08-10 20:56:56.216216208,2017-08-14 20:56:56.216216208,0,1.0,1,4.845465866636477,0.08823529411764705,0.0,0.12098497680824453
100078,Standard Class,5.0,5,1.0,124.61,15.19,Clothing,East,2015-02-26 23:55:40.540540540,2015-03-03 23:55:40.540540540,0,0.0,0,12.190032902656288,0.11764705882352941,0.0,0.07978597096677167
100079,Standard Class,3.0,4,1.0,262.62,26.49,Clothing,South,2017-05-10 19:13:09.189189184,2017-05-13 19:13:09.189189184,0,-1.0,0,10.08681745487777,0.0588235294117647,0.0,0.18902467982713037
100080,Standard Class,7.0,4,1.0,51.51,-0.02,Electronic Supplies,Central,2016-03-24 16:02:52.972972968,2016-03-31 16:02:52.972972968,0,3.0,1,-0.03882741215298001,0.1764705882352941,0.0,0.021925311466067212
100081,Second Class,6.0,3,5.0,311.46,-0.0,Clothing,South,2017-09-19 07:58:33.513513504,2017-09-25 07:58:33.513513504,0,3.0,1,-0.0,0.14705882352941174,0.8,0.22768288242650664
100082,First Class,2.0,2,4.0,108.68,0.23,Clothing,East,2015-04-07 10:57:17.837837838,2015-04-09 10:57:17.837837838,0,0.0,0,0.21163047478836955,0.029411764705882353,0.6000000000000001,0.06717693805505866
100083,Standard Class,4.0,4,2.0,147.5,45.49,Clothing,Central,2016-02-06 21:38:44.324324324,2016-02-10 21:38:44.324324324,0,0.0,0,30.840677966101698,0.08823529411764705,0.2,0.09790403520714275
100084,Standard Class,6.0,4,4.0,312.76,55.92,Clothing,South,2015-04-08 22:01:48.108108108,2015-04-14 22:01:48.108108108,0,2.0,1,17.879524235835788,0.14705882352941174,0.6000000000000001,0.2287118681631813
100085,Standard Class,7.0,4,1.0,131.62,8.23,Clothing,West,2016-04-09 17:52:25.945945944,2016-04-16 17:52:25.945945944,0,3.0,1,6.252849111077344,0.1764705882352941,0.0,0.08533457866991721
100086,Standard Class,4.0,4,3.0,262.65,52.18,Sports,Central,2017-03-11 21:08:28.108108104,2017-03-15 21:08:28.108108104,0,0.0,0,19.86674281363031,0.08823529411764705,0.4000000000000001,0.18904842565182284
100087,Second Class,5.0,3,4.0,361.51,23.34,Clothing,Central,2018-12-29 12:55:29.729729728,2019-01-03 12:55:29.729729728,0,2.0,1,6.4562529390611605,0.11764705882352941,0.6000000000000001,0.2672988332884801
100088,First Class,3.0,1,2.0,185.22,36.31,Sports,Central,2017-11-09 11:36:12.972972976,2017-11-12 11:36:12.972972976,0,2.0,1,19.603714501673686,0.0588235294117647,0.2,0.12776045212050213
100089,Second Class,9.0,3,2.0,211.12,24.58,Electronic Supplies,West,2018-01-05 11:31:53.513513504,2018-01-14 11:31:53.513513504,1,6.0,1,11.642667677150435,0.23529411764705882,0.2,0.14826101410501985
100090,Standard Class,3.0,5,1.0,159.55,9.14,Sports,Central,2016-04-22 21:32:58.378378376,2016-04-25 21:32:58.378378376,0,-2.0,0,5.728611720463805,0.0588235294117647,0.0,0.10744194145862686
100091,Standard Class,7.0,5,1.0,185.89,30.56,Clothing,Central,2016-07-12 06:40:43.243243240,2016-07-19 06:40:43.243243240,0,2.0,1,16.439830006993382,0.1764705882352941,0.0,0.12829077553863444
100092,Second Class,5.0,3,1.0,83.46,10.1,Clothing,Central,2016-10-21 02:51:31.891891888,2016-10-26 02:51:31.891891888,0,2.0,1,12.101605559549485,0.11764705882352941,0.0,0.047214614763570736
100093,Second Class,5.0,3,2.0,142.46,20.21,Electronic Supplies,West,2017-02-01 21:11:21.081081080,2017-02-06 21:11:21.081081080,0,2.0,1,14.186438298469744,0.11764705882352941,0.2,0.09391473665880416
100094,First Class,4.0,1,3.0,74.64,9.5,Sports,South,2015-11-15 14:21:58.918918916,2015-11-19 14:21:58.918918916,0,3.0,1,12.72775991425509,0.08823529411764705,0.4000000000000001,0.04023334230397821
100095,Second Class,3.0,3,5.0,96.14,12.15,Electronic Supplies,West,2018-02-24 04:05:02.702702704,2018-02-27 04:05:02.702702704,0,0.0,0,12.637819846057832,0.0588235294117647,0.8,0.057251183333597175
100096,Standard Class,3.0,3,3.0,46.9,8.16,Electronic Supplies,Central,2016-09-29 04:43:57.837837832,2016-10-02 04:43:57.837837832,0,0.0,0,17.398720682302773,0.0588235294117647,0.4000000000000001,0.018276369738321013
100097,First Class,3.0,1,4.0,204.7,64.83,Electronic Supplies,South,2018-01-21 13:21:26.486486480,2018-01-24 13:21:26.486486480,0,2.0,1,31.670737664875425,0.0588235294117647,0.6000000000000001,0.14317940762082665
100098,Standard Class,3.0,5,4.0,517.78,108.68,Electronic Supplies,West,2015-05-09 14:36:23.783783784,2015-05-12 14:36:23.783783784,0,-2.0,0,20.98960948665457,0.0588235294117647,0.6000000000000001,0.39099083411166863
100099,Standard Class,5.0,5,1.0,128.19,16.35,Sports,South,2015-04-03 01:43:47.027027027,2015-04-08 01:43:47.027027027,0,0.0,0,12.75450503159373,0.11764705882352941,0.0,0.08261963938007566
100100,Standard Class,4.0,5,2.0,322.9,27.5,Clothing,East,2018-04-22 04:00:43.243243232,2018-04-26 04:00:43.243243232,0,-1.0,0,8.516568597088883,0.08823529411764705,0.2,0.23673795690924343
100101,Standard Class,2.0,4,1.0,358.42,33.67,Electronic Supplies,East,2017-11-12 09:45:13.513513504,2017-11-14 09:45:13.513513504,0,-2.0,0,9.394007030857653,0.029411764705882353,0.0,0.2648530133451535
100102,First Class,8.0,2,3.0,79.09,0.75,Sports,West,2016-05-27 23:21:04.864864864,2016-06-04 23:21:04.864864864,0,6.0,1,0.9482867619168035,0.20588235294117646,0.4000000000000001,0.04375563963336447
100103,Standard Class,6.0,3,5.0,90.97,14.84,Clothing,Central,2018-09-29 22:16:12.972972976,2018-10-05 22:16:12.972972976,0,3.0,1,16.313070242937233,0.14705882352941174,0.8,0.053158986211591125
100104,First Class,7.0,2,1.0,328.33,9.46,Sports,East,2016-01-10 03:13:09.189189188,2016-01-17 03:13:09.189189188,0,5.0,1,2.881247525355588,0.1764705882352941,0.0,0.2410359511785844
100105,Second Class,9.0,3,3.0,162.39,13.02,Sports,South,2017-07-17 00:40:21.621621616,2017-07-26 00:40:21.621621616,1,6.0,1,8.017735082209496,0.23529411764705882,0.4000000000000001,0.10968987952951605
100106,Standard Class,3.0,5,3.0,74.51,12.19,Electronic Supplies,South,2017-07-30 04:20:54.054054048,2017-08-02 04:20:54.054054048,0,-2.0,0,16.360220104683933,0.0588235294117647,0.4000000000000001,0.04013044373031076
100107,Standard Class,4.0,4,3.0,113.98,10.37,Sports,South,2017-03-20 15:35:29.729729728,2017-03-24 15:35:29.729729728,0,0.0,0,9.098087383751533,0.08823529411764705,0.4000000000000001,0.07137203375073217
100108,Second Class,5.0,3,2.0,226.51,16.0,Clothing,West,2018-11-02 12:59:49.189189184,2018-11-07 12:59:49.189189184,0,2.0,1,7.06370579665357,0.11764705882352941,0.2,0.160442622172268
100109,Standard Class,5.0,5,2.0,102.92,1.46,Electronic Supplies,Central,2015-09-03 12:36:45.405405404,2015-09-08 12:36:45.405405404,0,0.0,0,1.4185775359502526,0.11764705882352941,0.2,0.06261773971410027
100110,Standard Class,3.0,4,1.0,28.4,5.86,Electronic Supplies,Central,2018-09-02 03:50:37.837837840,2018-09-05 03:50:37.837837840,0,-1.0,0,20.63380281690141,0.0588235294117647,0.0,0.0036331111779512107
100111,Standard Class,6.0,3,1.0,139.87,6.06,Sports,East,2017-02-10 15:38:22.702702704,2017-02-16 15:38:22.702702704,0,3.0,1,4.332594552084077,0.14705882352941174,0.0,0.09186468046035239
100112,Standard Class,3.0,3,1.0,147.43,9.31,Clothing,East,2018-04-17 18:47:12.432432432,2018-04-20 18:47:12.432432432,0,0.0,0,6.314861290103778,0.0588235294117647,0.0,0.09784862828286027
100113,Second Class,3.0,2,3.0,173.47,-5.78,Clothing,Central,2018-12-10 12:56:56.216216208,2018-12-13 12:56:56.216216208,0,1.0,1,-3.3319882400415057,0.0588235294117647,0.4000000000000001,0.11846000411594294
100114,Second Class,4.0,3,1.0,390.83,42.37,Sports,Central,2018-04-07 13:15:40.540540544,2018-04-11 13:15:40.540540544,0,1.0,1,10.841030627126884,0.08823529411764705,0.0,0.29050641928794185
100115,First Class,5.0,2,4.0,178.54,14.88,Clothing,West,2015-05-06 16:27:23.243243242,2015-05-11 16:27:23.243243242,0,3.0,1,8.33426683096225,0.11764705882352941,0.6000000000000001,0.12247304848897402
100116,Second Class,5.0,3,2.0,201.93,25.15,Clothing,West,2016-09-23 08:25:56.756756752,2016-09-28 08:25:56.756756752,0,2.0,1,12.454811073144159,0.11764705882352941,0.2,0.14098687647421992
100117,Second Class,2.0,3,3.0,342.44,5.49,Sports,South,2015-09-26 21:48:49.729729728,2015-09-28 21:48:49.729729728,0,-1.0,0,1.6032005606821633,0.029411764705882353,0.4000000000000001,0.25220440405895295
100118,Standard Class,6.0,3,2.0,173.59,29.29,Clothing,West,2018-11-30 07:25:24.324324320,2018-12-06 07:25:24.324324320,0,3.0,1,16.873091767958982,0.14705882352941174,0.2,0.11855498741471292
100119,Second Class,3.0,2,2.0,691.41,-25.68,Clothing,West,2017-02-19 10:05:24.324324320,2017-02-22 10:05:24.324324320,0,1.0,1,-3.7141493469865927,0.0588235294117647,0.2,0.5284237521569123
100120,First Class,2.0,2,5.0,75.84,7.78,Clothing,West,2016-03-05 16:04:19.459459456,2016-03-07 16:04:19.459459456,0,0.0,0,10.2584388185654,0.029411764705882353,0.8,0.04118317529167788
100121,Second Class,6.0,3,1.0,93.95,11.2,Clothing,South,2018-07-27 14:58:01.081081072,2018-08-02 14:58:01.081081072,0,3.0,1,11.921234699308142,0.14705882352941174,0.0,0.0555177381310453
100122,Second Class,7.0,3,1.0,257.0,29.46,Sports,West,2016-09-13 02:54:24.864864864,2016-09-20 02:54:24.864864864,0,4.0,1,11.463035019455253,0.1764705882352941,0.0,0.18457629533473696
100123,Standard Class,6.0,4,4.0,389.67,47.78,Clothing,South,2017-11-08 00:31:42.702702704,2017-11-14 00:31:42.702702704,0,2.0,1,12.261657299766469,0.14705882352941174,0.6000000000000001,0.2895882473998322
100124,Standard Class,6.0,3,1.0,151.33,26.19,Clothing,South,2016-01-15 23:31:10.270270268,2016-01-21 23:31:10.270270268,0,3.0,1,17.306548602392123,0.14705882352941174,0.0,0.10093558549288417
100125,Standard Class,5.0,5,1.0,89.4,19.31,Sports,South,2015-12-13 08:47:34.054054052,2015-12-18 08:47:34.054054052,0,0.0,0,21.59955257270693,0.11764705882352941,0.0,0.05191628805268407
100126,Standard Class,4.0,5,2.0,541.66,52.84,Electronic Supplies,East,2017-03-27 22:58:01.081081080,2017-03-31 22:58:01.081081080,0,-1.0,0,9.755196987039842,0.08823529411764705,0.2,0.4098925105668919
100127,Second Class,2.0,3,1.0,103.02,3.36,Sports,Central,2017-05-02 00:46:07.567567568,2017-05-04 00:46:07.567567568,0,-1.0,0,3.2615026208503206,0.029411764705882353,0.0,0.06269689246307524
100128,Second Class,4.0,3,3.0,214.95,33.29,Clothing,Central,2016-10-12 08:24:30.270270272,2016-10-16 08:24:30.270270272,0,1.0,1,15.487322633170505,0.08823529411764705,0.4000000000000001,0.15129256439076127
100129,Standard Class,4.0,3,1.0,405.13,35.48,Clothing,Central,2018-06-21 02:05:24.324324320,2018-06-25 02:05:24.324324320,0,1.0,1,8.757682719127192,0.08823529411764705,0.0,0.3018252623913628
100130,First Class,3.0,1,5.0,129.41,27.33,Electronic Supplies,Central,2018-03-15 04:03:36.216216208,2018-03-18 04:03:36.216216208,0,2.0,1,21.11892434896839,0.0588235294117647,0.8,0.08358530291757033
100131,Standard Class,5.0,4,4.0,115.08,7.12,Clothing,Central,2017-05-25 09:58:11.891891888,2017-05-30 09:58:11.891891888,0,1.0,1,6.18700034758429,0.11764705882352941,0.6000000000000001,0.07224271398945685
100132,Standard Class,4.0,4,3.0,120.31,4.98,Sports,East,2018-05-25 18:44:19.459459456,2018-05-29 18:44:19.459459456,0,0.0,0,4.139306790790458,0.08823529411764705,0.4000000000000001,0.07638240276084789
100133,Standard Class,2.0,4,3.0,309.83,37.65,Clothing,East,2016-01-23 06:53:41.621621620,2016-01-25 06:53:41.621621620,0,-2.0,0,12.15182519446148,0.029411764705882353,0.4000000000000001,0.2263926926182146
100134,Standard Class,3.0,3,4.0,343.47,-10.04,Clothing,West,2018-12-25 03:41:58.918918912,2018-12-28 03:41:58.918918912,0,0.0,0,-2.923108277287681,0.0588235294117647,0.6000000000000001,0.25301967737339515
100135,Second Class,5.0,2,1.0,176.25,12.8,Electronic Supplies,Central,2017-02-12 02:42:52.972972968,2017-02-17 02:42:52.972972968,0,3.0,1,7.26241134751773,0.11764705882352941,0.0,0.12066045053744716
100136,Standard Class,2.0,3,4.0,586.4,49.03,Sports,West,2015-03-22 09:07:44.864864865,2015-03-24 09:07:44.864864865,0,-1.0,0,8.36118690313779,0.029411764705882353,0.6000000000000001,0.44530545045829434
100137,First Class,6.0,2,4.0,176.05,22.47,Sports,West,2015-06-25 09:00:32.432432432,2015-07-01 09:00:32.432432432,0,4.0,1,12.76341948310139,0.14705882352941174,0.6000000000000001,0.12050214503949723
100138,Second Class,4.0,2,3.0,399.42,12.1,Clothing,West,2015-11-11 05:08:28.108108108,2015-11-15 05:08:28.108108108,0,2.0,1,3.029392619297982,0.08823529411764705,0.4000000000000001,0.29730564042489194
100139,Standard Class,4.0,5,2.0,130.22,5.16,Clothing,South,2015-02-06 12:52:36.756756756,2015-02-10 12:52:36.756756756,0,-1.0,0,3.962524957763785,0.08823529411764705,0.2,0.0842264401842676
100140,Same Day,5.0,0,1.0,785.99,159.2,Sports,Central,2015-04-16 05:24:19.459459460,2015-04-21 05:24:19.459459460,0,5.0,1,20.254710619727984,0.11764705882352941,0.0,0.6032864221374408
100141,Same Day,6.0,0,2.0,478.47,52.12,Sports,Central,2015-03-06 07:18:11.891891892,2015-03-12 07:18:11.891891892,0,6.0,1,10.893054945973624,0.14705882352941174,0.2,0.3598758884896072
100142,Standard Class,4.0,5,4.0,158.67,28.43,Clothing,East,2015-12-27 23:32:36.756756756,2015-12-31 23:32:36.756756756,0,-1.0,0,17.917690804815027,0.08823529411764705,0.6000000000000001,0.1067453972676471
100143,Standard Class,5.0,3,1.0,438.1,29.2,Clothing,Central,2017-11-19 17:07:44.864864864,2017-11-24 17:07:44.864864864,0,2.0,1,6.665144944076694,0.11764705882352941,0.0,0.32792192372841106
100144,Standard Class,5.0,4,4.0,423.94,44.79,Clothing,West,2016-02-15 16:05:45.945945944,2016-02-20 16:05:45.945945944,0,1.0,1,10.565174317120347,0.11764705882352941,0.6000000000000001,0.316713894473555
100145,Standard Class,3.0,3,1.0,473.18,17.24,Electronic Supplies,East,2018-07-29 02:02:31.351351344,2018-08-01 02:02:31.351351344,0,0.0,0,3.6434337884103294,0.0588235294117647,0.0,0.3556887080688312
100146,Standard Class,6.0,3,1.0,34.35,8.58,Sports,Central,2018-08-28 18:37:07.027027024,2018-09-03 18:37:07.027027024,0,3.0,1,24.978165938864628,0.14705882352941174,0.0,0.008342699741962039
100147,First Class,6.0,1,1.0,275.22,25.48,Electronic Supplies,Central,2018-03-29 18:48:38.918918912,2018-04-04 18:48:38.918918912,0,5.0,1,9.25804810696897,0.14705882352941174,0.0,0.19899792619797685
100148,First Class,5.0,1,1.0,245.3,23.72,Clothing,East,2015-12-23 14:19:05.945945944,2015-12-28 14:19:05.945945944,0,4.0,1,9.669792091316754,0.11764705882352941,0.0,0.17531542370466524
100149,Standard Class,6.0,4,2.0,234.21,46.34,Electronic Supplies,West,2018-04-16 07:42:42.162162160,2018-04-22 07:42:42.162162160,0,2.0,1,19.785662439690878,0.14705882352941174,0.2,0.16653738384334085
100150,Standard Class,6.0,4,1.0,198.73,15.82,Clothing,West,2016-04-14 03:05:56.756756752,2016-04-20 03:05:56.756756752,0,2.0,1,7.960549489256781,0.14705882352941174,0.0,0.13845398850702081
100151,Second Class,5.0,2,6.0,202.57,26.9,Clothing,Central,2017-07-28 17:16:23.783783776,2017-08-02 17:16:23.783783776,0,3.0,1,13.279360221158118,0.11764705882352941,1.0000000000000002,0.14149345406765976
100152,Standard Class,6.0,4,3.0,397.04,75.79,Electronic Supplies,Central,2015-08-19 21:51:42.702702700,2015-08-25 21:51:42.702702700,0,2.0,1,19.088756800322386,0.14705882352941174,0.4000000000000001,0.2954218049992876
100153,Standard Class,5.0,4,1.0,244.85,15.65,Clothing,Central,2018-11-28 20:20:54.054054048,2018-12-03 20:20:54.054054048,0,1.0,1,6.39166836838881,0.11764705882352941,0.0,0.17495923633427787
100154,Standard Class,5.0,5,3.0,198.54,27.25,Clothing,Central,2016-09-18 23:12:25.945945944,2016-09-23 23:12:25.945945944,0,0.0,0,13.72519391558376,0.11764705882352941,0.4000000000000001,0.13830359828396838
100155,Same Day,5.0,0,5.0,361.62,90.28,Clothing,South,2018-10-07 05:38:44.324324320,2018-10-12 05:38:44.324324320,0,5.0,1,24.965433327802668,0.11764705882352941,0.8,0.26738590131235257
100156,Standard Class,5.0,4,3.0,226.27,41.57,Clothing,Central,2016-11-06 04:41:04.864864864,2016-11-11 04:41:04.864864864,0,1.0,1,18.37185663145799,0.11764705882352941,0.4000000000000001,0.1602526555747281
100157,First Class,3.0,2,1.0,240.76,31.97,Sports,West,2016-03-27 14:11:53.513513512,2016-03-30 14:11:53.513513512,0,1.0,1,13.278783851138062,0.0588235294117647,0.0,0.17172188890120152
100158,Second Class,6.0,2,5.0,580.32,53.42,Sports,South,2017-10-15 15:19:38.378378368,2017-10-21 15:19:38.378378368,0,4.0,1,9.205266060104769,0.14705882352941174,0.8,0.4404929633206161
100159,Standard Class,6.0,3,4.0,130.01,8.02,Sports,Central,2015-03-29 16:30:16.216216216,2015-04-04 16:30:16.216216216,0,3.0,1,6.168756249519268,0.14705882352941174,0.6000000000000001,0.08406021941142015
100160,Second Class,1.0,2,1.0,64.38,1.99,Sports,East,2018-07-15 22:21:58.918918912,2018-07-16 22:21:58.918918912,0,-1.0,0,3.0910220565392983,0.0,0.0,0.03211227025914609
100161,Standard Class,6.0,3,1.0,180.74,41.71,Sports,South,2017-05-19 13:40:10.810810816,2017-05-25 13:40:10.810810816,0,3.0,1,23.077348677658513,0.14705882352941174,0.0,0.1242144089664234
100162,First Class,2.0,2,2.0,198.23,42.67,Clothing,South,2018-01-25 22:34:57.297297296,2018-01-27 22:34:57.297297296,0,0.0,0,21.52550068102709,0.029411764705882353,0.2,0.13805822476214596
100163,First Class,4.0,1,1.0,275.61,15.83,Clothing,East,2017-08-06 11:43:25.405405408,2017-08-10 11:43:25.405405408,0,3.0,1,5.74362323573165,0.08823529411764705,0.0,0.19930662191897924
100164,First Class,5.0,2,4.0,184.89,25.33,Electronic Supplies,West,2017-08-07 22:47:55.675675680,2017-08-12 22:47:55.675675680,0,3.0,1,13.700037860349399,0.11764705882352941,0.6000000000000001,0.1274992480488847
100165,Standard Class,3.0,5,2.0,281.7,33.5,Clothing,South,2018-06-18 03:56:23.783783776,2018-06-21 03:56:23.783783776,0,-2.0,0,11.892083777067803,0.0588235294117647,0.2,0.204127024331555
100166,Second Class,6.0,3,5.0,878.31,179.84,Sports,East,2017-09-03 06:09:00.540540544,2017-09-09 06:09:00.540540544,0,3.0,1,20.475686261115097,0.14705882352941174,0.8,0.6763602399911348
100167,Standard Class,6.0,5,2.0,290.32,40.83,Clothing,South,2016-03-11 12:22:20.540540536,2016-03-17 12:22:20.540540536,0,1.0,1,14.063791678148249,0.14705882352941174,0.2,0.21094999129319758
100168,Standard Class,4.0,4,1.0,325.47,35.21,Sports,East,2017-10-03 22:43:36.216216208,2017-10-07 22:43:36.216216208,0,0.0,0,10.818201370325989,0.08823529411764705,0.0,0.23877218255790023
100169,Standard Class,1.0,5,1.0,158.51,10.57,Sports,East,2016-04-03 21:34:24.864864864,2016-04-04 21:34:24.864864864,0,-4.0,0,6.668349000063088,0.0,0.0,0.10661875286928714
100170,First Class,3.0,2,3.0,70.08,9.62,Clothing,South,2016-03-29 01:16:23.783783784,2016-04-01 01:16:23.783783784,0,1.0,1,13.72716894977169,0.0588235294117647,0.4000000000000001,0.03662397695071949
100171,First Class,5.0,2,3.0,38.72,3.18,Clothing,South,2016-06-11 14:06:07.567567568,2016-06-16 14:06:07.567567568,0,3.0,1,8.212809917355372,0.11764705882352941,0.4000000000000001,0.011801674872168308
100172,Standard Class,8.0,3,4.0,123.08,15.71,Sports,East,2016-12-01 00:57:39.459459456,2016-12-09 00:57:39.459459456,0,5.0,1,12.764055898602535,0.20588235294117646,0.6000000000000001,0.0785749339074546
100173,First Class,5.0,2,1.0,32.23,3.35,Clothing,Central,2015-06-10 18:15:29.729729730,2015-06-15 18:15:29.729729730,0,3.0,1,10.394042817251009,0.11764705882352941,0.0,0.006664661463692632
100174,Standard Class,3.0,4,1.0,240.76,19.31,Clothing,West,2018-12-16 09:14:57.297297296,2018-12-19 09:14:57.297297296,0,-1.0,0,8.020435288253863,0.0588235294117647,0.0,0.17172188890120152
100175,First Class,5.0,2,1.0,134.45,4.33,Sports,West,2016-12-11 06:29:11.351351352,2016-12-16 06:29:11.351351352,0,3.0,1,3.2205280773521756,0.11764705882352941,0.0,0.0875746014659089
100176,Standard Class,4.0,3,3.0,73.43,11.1,Clothing,West,2016-06-14 12:15:08.108108104,2016-06-18 12:15:08.108108104,0,1.0,1,15.11643742339643,0.08823529411764705,0.4000000000000001,0.03927559404138106
100177,First Class,5.0,1,1.0,187.74,21.29,Electronic Supplies,South,2016-01-07 05:04:08.648648648,2016-01-12 05:04:08.648648648,0,4.0,1,11.34015127303718,0.11764705882352941,0.0,0.12975510139467142
100178,Standard Class,2.0,3,2.0,106.69,26.99,Clothing,South,2016-01-14 12:26:40.000000000,2016-01-16 12:26:40.000000000,0,-1.0,0,25.29759115193551,0.029411764705882353,0.2,0.06560179835045671
100179,Second Class,5.0,3,3.0,231.14,6.34,Clothing,East,2018-03-18 02:12:36.756756752,2018-03-23 02:12:36.756756752,0,2.0,1,2.742926364973609,0.11764705882352941,0.4000000000000001,0.1641073944498092
100180,Standard Class,4.0,5,5.0,273.13,43.71,Sports,Central,2017-09-16 09:49:32.972972976,2017-09-20 09:49:32.972972976,0,-1.0,0,16.003368359389302,0.08823529411764705,0.8,0.19734363374439992
100181,Standard Class,8.0,5,2.0,109.27,11.3,Clothing,East,2016-12-22 23:05:13.513513512,2016-12-30 23:05:13.513513512,0,3.0,1,10.341356273451085,0.20588235294117646,0.2,0.06764393927401098
100182,Standard Class,4.0,5,1.0,147.79,41.08,Clothing,West,2017-09-06 04:18:01.081081072,2017-09-10 04:18:01.081081072,0,-1.0,0,27.796197306989644,0.08823529411764705,0.0,0.09813357817917015
100183,Second Class,5.0,3,3.0,198.28,30.52,Clothing,West,2016-07-04 23:18:11.891891888,2016-07-09 23:18:11.891891888,0,2.0,1,15.392374420012104,0.11764705882352941,0.4000000000000001,0.13809780113663345
100184,Second Class,7.0,2,3.0,69.09,9.39,Clothing,East,2017-02-07 17:29:22.162162160,2017-02-14 17:29:22.162162160,0,5.0,1,13.590968302214504,0.1764705882352941,0.4000000000000001,0.03584036473586728
100185,Standard Class,2.0,3,2.0,198.27,20.54,Clothing,East,2018-05-19 22:26:18.378378368,2018-05-21 22:26:18.378378368,0,-1.0,0,10.35961063196651,0.029411764705882353,0.2,0.13808988586173596
100186,First Class,7.0,2,5.0,68.02,3.66,Clothing,Central,2015-07-20 05:17:07.027027026,2015-07-27 05:17:07.027027026,0,5.0,1,5.380770361658336,0.1764705882352941,0.8,0.03499343032183508
100187,Second Class,5.0,2,4.0,249.07,33.6,Clothing,Central,2016-06-02 19:39:05.945945944,2016-06-07 19:39:05.945945944,0,3.0,1,13.490183482555107,0.11764705882352941,0.6000000000000001,0.17829948234102166
100188,First Class,2.0,2,1.0,129.95,-0.08,Clothing,East,2016-06-17 10:24:08.648648648,2016-06-19 10:24:08.648648648,0,0.0,0,-0.06156213928434014,0.029411764705882353,0.0,0.08401272776203517
100189,First Class,3.0,2,1.0,67.78,0.21,Sports,Central,2018-10-08 16:43:14.594594592,2018-10-11 16:43:14.594594592,0,1.0,1,0.30982590734730003,0.0588235294117647,0.0,0.034803463724295144
100190,Standard Class,5.0,5,2.0,118.28,22.59,Sports,East,2017-12-30 15:13:52.432432432,2018-01-04 15:13:52.432432432,0,0.0,0,19.09874873182279,0.11764705882352941,0.2,0.07477560195665596
100191,Standard Class,2.0,3,4.0,121.57,-3.77,Clothing,East,2018-10-17 11:10:16.216216208,2018-10-19 11:10:16.216216208,0,-1.0,0,-3.101094019906227,0.029411764705882353,0.6000000000000001,0.07737972739793253
100192,Second Class,5.0,3,1.0,345.34,29.16,Sports,West,2018-04-26 13:14:14.054054048,2018-05-01 13:14:14.054054048,0,2.0,1,8.443852435281173,0.11764705882352941,0.0,0.2544998337792271
100193,Second Class,4.0,3,3.0,192.99,5.03,Electronic Supplies,Central,2017-08-16 17:14:57.297297296,2017-08-20 17:14:57.297297296,0,1.0,1,2.6063526607596246,0.08823529411764705,0.4000000000000001,0.13391062071585744
100194,First Class,5.0,1,3.0,92.61,7.21,Sports,South,2015-10-18 19:56:23.783783784,2015-10-23 19:56:23.783783784,0,4.0,1,7.785336356764929,0.11764705882352941,0.4000000000000001,0.05445709129478067
100195,Standard Class,2.0,4,1.0,503.66,62.84,Sports,West,2015-11-08 06:59:27.567567568,2015-11-10 06:59:27.567567568,0,-2.0,0,12.476670769963864,0.029411764705882353,0.0,0.37981446595640267
100196,Standard Class,6.0,3,3.0,259.1,48.91,Clothing,West,2016-08-19 06:37:50.270270272,2016-08-25 06:37:50.270270272,0,3.0,1,18.876881512929366,0.14705882352941174,0.4000000000000001,0.18623850306321138
100197,Second Class,8.0,3,5.0,138.57,28.74,Electronic Supplies,West,2016-04-30 04:55:29.729729728,2016-05-08 04:55:29.729729728,0,5.0,1,20.74042000432994,0.20588235294117646,0.8,0.09083569472367775
100198,Second Class,8.0,3,1.0,62.8,2.29,Clothing,Central,2015-10-31 23:36:56.216216216,2015-11-08 23:36:56.216216216,0,5.0,1,3.646496815286624,0.20588235294117646,0.0,0.030861656825341543
100199,Second Class,5.0,3,2.0,130.85,9.52,Clothing,East,2017-06-14 21:01:15.675675680,2017-06-19 21:01:15.675675680,0,2.0,1,7.275506304929308,0.11764705882352941,0.2,0.08472510250280992
100200,Second Class,3.0,3,2.0,149.41,64.87,Sports,South,2015-04-24 23:51:21.081081080,2015-04-27 23:51:21.081081080,0,0.0,0,43.417441938290615,0.0588235294117647,0.2,0.0994158527125647
100201,First Class,5.0,2,5.0,219.18,19.73,Clothing,West,2015-02-12 09:10:37.837837837,2015-02-17 09:10:37.837837837,0,3.0,1,9.00173373482982,0.11764705882352941,0.8,0.15464072567240258
100202,Standard Class,1.0,4,6.0,255.88,10.09,Clothing,South,2017-02-20 21:09:54.594594592,2017-02-21 21:09:54.594594592,0,-3.0,0,3.943254650617477,0.0,1.0000000000000002,0.18368978454621726
100203,Standard Class,1.0,4,2.0,291.28,15.36,Sports,West,2017-10-12 17:10:37.837837840,2017-10-13 17:10:37.837837840,0,-3.0,0,5.273276572370228,0.0,0.2,0.2117098576833573
100204,Second Class,4.0,2,3.0,60.49,5.47,Sports,Central,2017-03-25 00:49:00.540540536,2017-03-29 00:49:00.540540536,0,2.0,1,9.042816994544552,0.08823529411764705,0.4000000000000001,0.02903322832401969
100205,First Class,4.0,2,2.0,197.46,15.52,Sports,Central,2018-05-06 18:45:45.945945936,2018-05-10 18:45:45.945945936,0,2.0,1,7.8598197103210765,0.08823529411764705,0.2,0.1374487485950387
100206,Standard Class,5.0,5,2.0,155.44,14.18,Electronic Supplies,West,2017-05-21 00:44:41.081081072,2017-05-26 00:44:41.081081072,0,0.0,0,9.122490993309315,0.11764705882352941,0.2,0.10418876347575551
100207,Standard Class,5.0,5,1.0,983.07,106.45,Clothing,East,2015-08-30 03:23:14.594594592,2015-09-04 03:23:14.594594592,0,0.0,0,10.82832351714527,0.11764705882352941,0.0,0.7592806598173154
100208,First Class,4.0,2,1.0,179.84,19.37,Clothing,Central,2018-09-03 14:55:08.108108096,2018-09-07 14:55:08.108108096,0,2.0,1,10.770685053380785,0.08823529411764705,0.0,0.12350203422564866
100209,Standard Class,3.0,4,1.0,115.04,3.86,Sports,South,2016-12-24 10:09:43.783783784,2016-12-27 10:09:43.783783784,0,-1.0,0,3.355354659248957,0.0588235294117647,0.0,0.07221105288986687
100210,Standard Class,9.0,5,2.0,185.26,25.85,Clothing,East,2018-04-19 05:51:42.702702704,2018-04-28 05:51:42.702702704,1,4.0,1,13.953362841412071,0.23529411764705882,0.2,0.1277921132200921
100211,First Class,4.0,1,1.0,171.47,20.52,Sports,East,2015-04-05 23:52:47.567567567,2015-04-09 23:52:47.567567567,0,3.0,1,11.967107948912346,0.08823529411764705,0.0,0.11687694913644352
100212,First Class,4.0,2,5.0,47.33,7.09,Clothing,South,2015-07-26 01:35:08.108108108,2015-07-30 01:35:08.108108108,0,2.0,1,14.979928163955208,0.08823529411764705,0.8,0.01861672655891339
100213,First Class,3.0,1,1.0,224.84,-6.11,Clothing,South,2018-09-13 20:26:40.000000000,2018-09-16 20:26:40.000000000,0,2.0,1,-2.7174879914605943,0.0588235294117647,0.0,0.159120771264386
100214,Standard Class,6.0,5,1.0,140.91,17.27,Clothing,East,2018-04-23 15:05:13.513513504,2018-04-29 15:05:13.513513504,0,1.0,1,12.256049960967994,0.14705882352941174,0.0,0.09268786904969209
100215,Second Class,5.0,3,2.0,169.47,-8.28,Sports,South,2017-08-15 06:10:27.027027024,2017-08-20 06:10:27.027027024,0,2.0,1,-4.8858204992033984,0.11764705882352941,0.2,0.11529389415694406
100216,Standard Class,3.0,4,3.0,97.73,9.38,Clothing,South,2016-04-28 17:50:59.459459456,2016-05-01 17:50:59.459459456,0,-1.0,0,9.59787168730175,0.0588235294117647,0.4000000000000001,0.05850971204229924
100217,Standard Class,2.0,5,1.0,84.69,13.77,Clothing,East,2017-08-28 09:50:59.459459456,2017-08-30 09:50:59.459459456,0,-3.0,0,16.259298618490966,0.029411764705882353,0.0,0.04818819357596289
100218,Second Class,5.0,2,2.0,305.29,59.12,Clothing,Central,2015-12-30 21:41:37.297297296,2016-01-04 21:41:37.297297296,0,3.0,1,19.36519375020472,0.11764705882352941,0.2,0.2227991578147509
100219,First Class,5.0,2,6.0,354.43,48.47,Clothing,Central,2018-08-18 13:05:35.135135136,2018-08-23 13:05:35.135135136,0,3.0,1,13.675478938013146,0.11764705882352941,1.0000000000000002,0.2616948186610521
100220,Second Class,3.0,3,1.0,226.28,37.12,Clothing,East,2017-10-31 17:09:11.351351344,2017-11-03 17:09:11.351351344,0,0.0,0,16.40445465794591,0.0588235294117647,0.0,0.16026057084962558
100221,First Class,7.0,1,2.0,53.14,4.57,Clothing,East,2016-03-21 17:53:52.432432432,2016-03-28 17:53:52.432432432,0,6.0,1,8.59992472713587,0.1764705882352941,0.2,0.02321550127435926
100222,First Class,3.0,2,4.0,236.04,16.35,Clothing,South,2017-12-08 17:06:18.378378368,2017-12-11 17:06:18.378378368,0,1.0,1,6.9267920691408245,0.0588235294117647,0.6000000000000001,0.16798587914958285
100223,Standard Class,4.0,4,1.0,53.66,17.46,Clothing,West,2018-11-25 22:11:53.513513504,2018-11-29 22:11:53.513513504,0,0.0,0,32.538203503540814,0.08823529411764705,0.0,0.023627095569029106
100224,Standard Class,7.0,5,2.0,112.19,19.76,Clothing,West,2015-03-13 14:40:43.243243243,2015-03-20 14:40:43.243243243,0,2.0,1,17.612977983777522,0.1764705882352941,0.2,0.06995519954408017
100225,Standard Class,4.0,3,2.0,302.66,4.89,Sports,South,2018-08-02 11:16:02.162162160,2018-08-06 11:16:02.162162160,0,1.0,1,1.615674354060662,0.08823529411764705,0.2,0.22071744051670913
100226,Standard Class,5.0,5,2.0,264.39,-7.61,Electronic Supplies,South,2015-01-03 22:09:00.540540540,2015-01-08 22:09:00.540540540,0,0.0,0,-2.8783236884904877,0.11764705882352941,0.2,0.19042568348398736
100227,Same Day,4.0,0,1.0,232.07,16.89,Clothing,East,2017-03-06 00:50:27.027027024,2017-03-10 00:50:27.027027024,0,4.0,1,7.277976472616022,0.08823529411764705,0.0,0.16484351501527644
100228,Standard Class,3.0,3,1.0,404.8,83.13,Clothing,Central,2016-05-26 12:16:34.594594592,2016-05-29 12:16:34.594594592,0,0.0,0,20.53606719367589,0.0588235294117647,0.0,0.3015640583197454
100229,Second Class,8.0,2,2.0,248.14,28.26,Clothing,West,2018-08-14 03:52:04.324324320,2018-08-22 03:52:04.324324320,0,6.0,1,11.388732167324898,0.20588235294117646,0.2,0.17756336177555443
100230,First Class,4.0,2,1.0,46.42,-3.15,Sports,East,2017-02-22 08:14:24.864864864,2017-02-26 08:14:24.864864864,0,2.0,1,-6.785868160275744,0.08823529411764705,0.0,0.017896436543241145
100231,Second Class,6.0,2,4.0,135.61,12.99,Clothing,East,2016-05-17 17:49:32.972972968,2016-05-23 17:49:32.972972968,0,4.0,1,9.578939606223729,0.14705882352941174,0.6000000000000001,0.08849277335401859
100232,First Class,3.0,1,2.0,167.83,18.43,Clothing,West,2018-12-23 16:37:28.648648640,2018-12-26 16:37:28.648648640,0,2.0,1,10.981350175773102,0.0588235294117647,0.2,0.11399578907375453
100233,First Class,3.0,2,2.0,155.53,-12.95,Sports,South,2016-12-03 23:06:40.000000000,2016-12-06 23:06:40.000000000,0,1.0,1,-8.326367903298399,0.0588235294117647,0.2,0.10426000094983298
100234,Standard Class,2.0,3,5.0,115.45,12.92,Clothing,East,2017-04-20 08:10:05.405405408,2017-04-22 08:10:05.405405408,0,-1.0,0,11.19099177132958,0.029411764705882353,0.8,0.07253557916066425
100235,Standard Class,5.0,4,3.0,88.27,2.55,Sports,West,2015-02-18 05:28:38.918918919,2015-02-23 05:28:38.918918919,0,1.0,1,2.8888637136059816,0.11764705882352941,0.4000000000000001,0.05102186198926688
100236,Second Class,4.0,2,1.0,820.97,-30.25,Sports,Central,2015-02-15 07:19:38.378378378,2015-02-19 07:19:38.378378378,0,2.0,1,-3.684665700330097,0.08823529411764705,0.0,0.6309740537288859
100237,Standard Class,6.0,4,5.0,133.93,31.92,Sports,West,2015-12-04 14:20:32.432432432,2015-12-10 14:20:32.432432432,0,2.0,1,23.833345777645036,0.14705882352941174,0.8,0.08716300717123907
100238,Standard Class,4.0,5,1.0,795.16,20.19,Clothing,Central,2018-11-08 09:17:50.270270272,2018-11-12 09:17:50.270270272,0,-1.0,0,2.5391116253332666,0.08823529411764705,0.0,0.6105447292184457
100239,First Class,8.0,2,1.0,82.12,4.65,Electronic Supplies,South,2015-10-08 14:24:51.891891892,2015-10-16 14:24:51.891891892,0,6.0,1,5.662445202143205,0.20588235294117646,0.0,0.046153967927306125
100240,Standard Class,3.0,4,3.0,264.3,14.68,Sports,Central,2016-05-01 16:00:00.000000000,2016-05-04 16:00:00.000000000,0,-1.0,0,5.5542943624668935,0.0588235294117647,0.4000000000000001,0.19035444600990992
100241,Second Class,6.0,3,2.0,200.19,22.06,Clothing,West,2015-01-05 09:13:30.810810810,2015-01-11 09:13:30.810810810,0,3.0,1,11.019531445127129,0.14705882352941174,0.2,0.13960961864205543
100242,Same Day,5.0,0,2.0,94.7,23.8,Clothing,Central,2015-10-26 03:18:55.135135136,2015-10-31 03:18:55.135135136,0,5.0,1,25.131995776135163,0.11764705882352941,0.2,0.056111383748357585
100243,Second Class,5.0,2,1.0,127.24,1.82,Clothing,Central,2017-01-21 04:35:18.918918920,2017-01-26 04:35:18.918918920,0,3.0,1,1.4303678088651368,0.11764705882352941,0.0,0.08186768826481343
100244,Standard Class,6.0,3,2.0,170.74,14.59,Electronic Supplies,East,2018-03-13 16:59:05.945945936,2018-03-19 16:59:05.945945936,0,3.0,1,8.545156378118776,0.14705882352941174,0.2,0.11629913406892621
100245,Standard Class,5.0,5,1.0,99.62,11.92,Electronic Supplies,East,2016-03-23 04:58:22.702702704,2016-03-28 04:58:22.702702704,0,0.0,0,11.965468781369202,0.11764705882352941,0.0,0.060005698997926196
100246,Second Class,5.0,2,2.0,145.99,5.91,Sports,Central,2015-06-09 07:10:59.459459458,2015-06-14 07:10:59.459459458,0,3.0,1,4.048222480991848,0.11764705882352941,0.2,0.09670882869762068
100247,Standard Class,3.0,4,1.0,37.07,3.12,Electronic Supplies,East,2016-09-20 10:16:56.216216216,2016-09-23 10:16:56.216216216,0,-1.0,0,8.416509306717023,0.0588235294117647,0.0,0.010495654514081274
100248,Same Day,2.0,0,4.0,273.82,43.14,Clothing,West,2015-04-23 12:46:50.810810810,2015-04-25 12:46:50.810810810,0,2.0,1,15.754875465634358,0.029411764705882353,0.6000000000000001,0.1978897877123272
100249,Same Day,7.0,0,2.0,382.85,18.97,Clothing,West,2015-05-03 18:18:22.702702702,2015-05-10 18:18:22.702702702,0,7.0,1,4.954943189238604,0.1764705882352941,0.2,0.28419002991973913
100250,Second Class,5.0,3,4.0,231.68,19.21,Electronic Supplies,Central,2016-02-22 23:28:17.297297296,2016-02-27 23:28:17.297297296,0,2.0,1,8.2916091160221,0.11764705882352941,0.6000000000000001,0.16453481929427408
100251,Standard Class,6.0,4,3.0,751.27,56.71,Sports,West,2015-04-30 20:09:22.162162162,2015-05-06 20:09:22.162162162,0,2.0,1,7.5485511201032915,0.14705882352941174,0.4000000000000001,0.5758045876933305
100252,Standard Class,4.0,3,3.0,268.64,27.32,Clothing,Central,2018-12-19 07:23:57.837837840,2018-12-23 07:23:57.837837840,0,1.0,1,10.169743895175701,0.08823529411764705,0.4000000000000001,0.19378967531542368
100253,Second Class,2.0,2,2.0,362.43,46.92,Sports,East,2018-02-27 02:14:03.243243232,2018-03-01 02:14:03.243243232,0,0.0,0,12.945948183097425,0.029411764705882353,0.2,0.2680270385790498
100254,Standard Class,2.0,4,1.0,385.65,60.52,Electronic Supplies,Central,2018-07-30 13:07:01.621621616,2018-08-01 13:07:01.621621616,0,-2.0,0,15.692985868015041,0.029411764705882353,0.0,0.2864063068910383
100255,Standard Class,5.0,5,1.0,28.84,7.64,Sports,West,2016-08-04 15:52:47.567567568,2016-08-09 15:52:47.567567568,0,0.0,0,26.49098474341193,0.11764705882352941,0.0,0.003981383273441087
100256,First Class,4.0,2,4.0,227.1,-23.32,Electronic Supplies,Central,2016-04-17 01:14:57.297297296,2016-04-21 01:14:57.297297296,0,2.0,1,-10.26860413914575,0.08823529411764705,0.6000000000000001,0.16090962339122036
100257,Second Class,3.0,3,4.0,70.18,6.78,Sports,South,2017-01-28 11:57:50.270270264,2017-01-31 11:57:50.270270264,0,0.0,0,9.660872043317184,0.0588235294117647,0.6000000000000001,0.03670312969969447
100258,First Class,4.0,2,2.0,80.03,0.07,Clothing,East,2018-08-31 16:46:07.567567568,2018-09-04 16:46:07.567567568,0,2.0,1,0.08746719980007497,0.08823529411764705,0.2,0.04449967547372921
100259,First Class,2.0,1,1.0,89.61,7.09,Electronic Supplies,Central,2018-09-09 11:13:09.189189184,2018-09-11 11:13:09.189189184,0,1.0,1,7.912063385782836,0.029411764705882353,0.0,0.05208250882553152
100260,Standard Class,5.0,3,2.0,140.71,25.39,Clothing,Central,2015-01-08 07:22:31.351351351,2015-01-13 07:22:31.351351351,0,2.0,1,18.044204392011938,0.11764705882352941,0.2,0.09252956355174216
100261,First Class,3.0,1,3.0,263.17,54.17,Electronic Supplies,South,2017-12-04 07:52:47.567567568,2017-12-07 07:52:47.567567568,0,2.0,1,20.58365315195501,0.0588235294117647,0.4000000000000001,0.18946001994649272
100262,Same Day,6.0,0,2.0,228.63,47.92,Clothing,West,2016-11-10 13:54:35.675675672,2016-11-16 13:54:35.675675672,0,6.0,1,20.959629095044395,0.14705882352941174,0.2,0.1621206604505374
100263,Standard Class,4.0,4,4.0,171.03,35.72,Sports,West,2015-05-22 18:16:56.216216216,2015-05-26 18:16:56.216216216,0,0.0,0,20.885224814360054,0.08823529411764705,0.6000000000000001,0.11652867704095364
100264,First Class,4.0,1,6.0,275.82,26.5,Clothing,South,2016-01-24 17:58:11.891891892,2016-01-28 17:58:11.891891892,0,3.0,1,9.607715176564428,0.08823529411764705,1.0000000000000002,0.19947284269182666
100265,Second Class,1.0,3,1.0,286.94,63.67,Clothing,South,2016-06-05 17:48:06.486486488,2016-06-06 17:48:06.486486488,0,-2.0,0,22.189307869240956,0.0,0.0,0.20827462837784352
100266,Second Class,2.0,2,2.0,229.91,54.66,Clothing,West,2018-06-22 13:09:54.594594592,2018-06-24 13:09:54.594594592,0,0.0,0,23.774520464529598,0.029411764705882353,0.2,0.16313381563741705
100267,First Class,4.0,1,2.0,56.21,6.81,Electronic Supplies,Central,2018-03-12 05:54:35.675675664,2018-03-16 05:54:35.675675664,0,3.0,1,12.115281978295677,0.08823529411764705,0.2,0.0256454906678909
100268,Second Class,4.0,2,2.0,106.64,21.77,Electronic Supplies,South,2016-07-09 08:31:42.702702704,2016-07-13 08:31:42.702702704,0,2.0,1,20.414478619654915,0.08823529411764705,0.2,0.06556222197596923
100269,Standard Class,5.0,4,1.0,175.41,19.87,Clothing,Central,2017-07-11 04:22:20.540540544,2017-07-16 04:22:20.540540544,0,1.0,1,11.327746422666895,0.11764705882352941,0.0,0.1199955674460574
100270,Standard Class,3.0,3,1.0,277.76,61.89,Electronic Supplies,West,2016-07-10 19:36:12.972972968,2016-07-13 19:36:12.972972968,0,0.0,0,22.281826036866363,0.0588235294117647,0.0,0.20100840602194112
100271,Second Class,5.0,2,4.0,72.71,7.06,Electronic Supplies,West,2016-12-17 02:47:12.432432432,2016-12-22 02:47:12.432432432,0,3.0,1,9.709806078943748,0.11764705882352941,0.6000000000000001,0.03870569424876125
100272,Second Class,6.0,2,2.0,171.16,10.48,Sports,West,2015-06-22 10:51:31.891891892,2015-06-28 10:51:31.891891892,0,4.0,1,6.122925917270391,0.14705882352941174,0.2,0.11663157561462108
100273,Second Class,5.0,2,2.0,62.32,1.27,Clothing,East,2018-08-08 07:34:03.243243232,2018-08-13 07:34:03.243243232,0,3.0,1,2.037869062901155,0.11764705882352941,0.2,0.030481723630261675
100274,Second Class,2.0,3,5.0,335.91,32.28,Electronic Supplies,West,2016-01-01 08:46:07.567567568,2016-01-03 08:46:07.567567568,0,-1.0,0,9.609716888452263,0.029411764705882353,0.8,0.24703572955088732
100275,First Class,4.0,1,4.0,201.85,23.57,Sports,South,2017-02-03 08:15:51.351351352,2017-02-07 08:15:51.351351352,0,3.0,1,11.676987862273966,0.08823529411764705,0.6000000000000001,0.14092355427503994
100276,First Class,2.0,1,1.0,71.88,2.47,Electronic Supplies,Central,2015-01-14 03:40:32.432432432,2015-01-16 03:40:32.432432432,0,1.0,1,3.4362826933778527,0.029411764705882353,0.0,0.03804872643226899
100277,Second Class,3.0,2,2.0,71.57,6.44,Electronic Supplies,East,2015-10-14 10:42:52.972972972,2015-10-17 10:42:52.972972972,0,1.0,1,8.998183596478974,0.0588235294117647,0.2,0.03780335291044658
100278,First Class,8.0,2,2.0,221.81,15.06,Electronic Supplies,West,2017-05-31 06:16:12.972972976,2017-06-08 06:16:12.972972976,0,6.0,1,6.7895946981650965,0.20588235294117646,0.2,0.15672244297044435
100279,Second Class,3.0,2,4.0,421.42,10.05,Sports,South,2015-04-29 09:04:51.891891892,2015-05-02 09:04:51.891891892,0,1.0,1,2.384794267002041,0.0588235294117647,0.6000000000000001,0.31471924519938577
100280,Second Class,4.0,2,3.0,84.53,16.3,Clothing,Central,2018-02-18 07:47:01.621621616,2018-02-22 07:47:01.621621616,0,2.0,1,19.283094759257068,0.08823529411764705,0.4000000000000001,0.04806154917760294
100281,Second Class,5.0,3,3.0,287.52,59.5,Clothing,Central,2017-05-07 21:04:08.648648640,2017-05-12 21:04:08.648648640,0,2.0,1,20.694212576516417,0.11764705882352941,0.4000000000000001,0.20873371432189836
100282,Standard Class,5.0,5,2.0,121.21,23.33,Clothing,Central,2018-03-10 18:50:05.405405408,2018-03-15 18:50:05.405405408,0,0.0,0,19.247586832769574,0.11764705882352941,0.2,0.07709477750162262
100283,Standard Class,4.0,3,4.0,294.44,30.41,Clothing,Central,2015-12-16 06:56:34.594594592,2015-12-20 06:56:34.594594592,0,1.0,1,10.328080423855454,0.08823529411764705,0.6000000000000001,0.21421108455096644
100284,Standard Class,1.0,3,1.0,268.83,29.09,Sports,South,2016-02-28 19:46:18.378378376,2016-02-29 19:46:18.378378376,0,-2.0,0,10.820964922069711,0.0,0.0,0.19394006553847612
100285,First Class,4.0,1,1.0,190.75,4.76,Sports,West,2015-11-05 08:50:27.027027028,2015-11-09 08:50:27.027027028,0,3.0,1,2.495412844036697,0.08823529411764705,0.0,0.13213759913881806
100286,Standard Class,4.0,4,2.0,52.33,7.49,Electronic Supplies,West,2017-11-13 20:49:43.783783776,2017-11-17 20:49:43.783783776,0,0.0,0,14.313013567743168,0.08823529411764705,0.2,0.022574364007661985
100287,Standard Class,2.0,5,1.0,268.48,33.18,Clothing,East,2016-06-08 15:57:07.027027024,2016-06-10 15:57:07.027027024,0,-3.0,0,12.358462455303933,0.029411764705882353,0.0,0.19366303091706374
100288,First Class,4.0,1,1.0,238.96,80.65,Sports,West,2016-10-18 04:42:31.351351352,2016-10-22 04:42:31.351351352,0,3.0,1,33.75041848008035,0.08823529411764705,0.0,0.17029713941965202
100289,Standard Class,2.0,3,4.0,225.15,44.35,Clothing,Central,2015-11-28 18:02:31.351351352,2015-11-30 18:02:31.351351352,0,-1.0,0,19.69797912502776,0.029411764705882353,0.6000000000000001,0.15936614478620842
100290,First Class,2.0,2,5.0,195.82,26.48,Clothing,East,2018-10-20 09:19:16.756756752,2018-10-22 09:19:16.756756752,0,0.0,0,13.522622816872639,0.029411764705882353,0.8,0.13615064351184913
100291,Standard Class,4.0,5,2.0,97.4,10.39,Clothing,East,2018-10-14 13:01:15.675675664,2018-10-18 13:01:15.675675664,0,-1.0,0,10.66735112936345,0.08823529411764705,0.2,0.05824850797068183
100292,Standard Class,3.0,4,1.0,348.6,66.27,Sports,Central,2018-03-09 07:45:35.135135136,2018-03-12 07:45:35.135135136,0,-1.0,0,19.01032702237521,0.0588235294117647,0.0,0.2570802133958112
100293,Second Class,5.0,3,1.0,309.14,11.36,Clothing,East,2017-01-02 04:36:45.405405400,2017-01-07 04:36:45.405405400,0,2.0,1,3.674710487157922,0.11764705882352941,0.0,0.22584653865028728
100294,Standard Class,5.0,3,1.0,85.71,17.24,Sports,East,2016-11-09 02:50:05.405405400,2016-11-14 02:50:05.405405400,0,2.0,1,20.11433905028585,0.11764705882352941,0.0,0.0489955516155076
100295,Standard Class,6.0,5,1.0,405.16,9.33,Clothing,Central,2016-06-13 01:10:37.837837840,2016-06-19 01:10:37.837837840,0,1.0,1,2.302793957942541,0.14705882352941174,0.0,0.3018490082160553
100296,First Class,3.0,2,5.0,187.84,12.22,Electronic Supplies,Central,2016-11-14 23:08:06.486486488,2016-11-17 23:08:06.486486488,0,1.0,1,6.505536626916525,0.0588235294117647,0.8,0.12983425414364638
100297,Second Class,3.0,2,1.0,187.53,-6.95,Electronic Supplies,West,2018-09-28 11:11:42.702702704,2018-10-01 11:11:42.702702704,0,1.0,1,-3.7060736948754864,0.0588235294117647,0.0,0.12958888062182397
100298,Standard Class,2.0,3,2.0,153.76,24.47,Electronic Supplies,Central,2016-09-17 12:07:55.675675672,2016-09-19 12:07:55.675675672,0,-1.0,0,15.914412070759626,0.029411764705882353,0.2,0.10285899729297597
100299,First Class,5.0,1,1.0,163.91,21.31,Electronic Supplies,South,2015-01-11 05:31:31.891891891,2015-01-16 05:31:31.891891891,0,4.0,1,13.001037154536025,0.11764705882352941,0.0,0.11089300131393563
100300,Standard Class,5.0,4,4.0,420.35,27.36,Electronic Supplies,Central,2015-08-15 12:38:11.891891892,2015-08-20 12:38:11.891891892,0,1.0,1,6.508861662899963,0.11764705882352941,0.6000000000000001,0.31387231078535355
100301,Standard Class,2.0,3,3.0,337.48,12.04,Electronic Supplies,West,2017-03-01 15:36:56.216216216,2017-03-03 15:36:56.216216216,0,-1.0,0,3.56761882185611,0.029411764705882353,0.4000000000000001,0.24827842770979436
100302,First Class,7.0,2,5.0,332.85,73.33,Sports,South,2016-10-05 01:01:58.918918920,2016-10-12 01:01:58.918918920,0,5.0,1,22.030944870061585,0.1764705882352941,0.8,0.24461365543225316
100303,First Class,2.0,2,4.0,194.41,19.31,Clothing,South,2016-12-05 10:11:10.270270272,2016-12-07 10:11:10.270270272,0,0.0,0,9.932616634946761,0.029411764705882353,0.6000000000000001,0.13503458975130203
100304,First Class,4.0,2,2.0,307.34,14.94,Clothing,South,2016-09-08 17:40:54.054054056,2016-09-12 17:40:54.054054056,0,2.0,1,4.861065920478948,0.08823529411764705,0.2,0.22442178916873778
100305,Second Class,5.0,3,1.0,100.25,26.44,Clothing,Central,2018-02-11 00:24:30.270270272,2018-02-16 00:24:30.270270272,0,2.0,1,26.374064837905237,0.11764705882352941,0.0,0.060504361316468525
100306,Same Day,6.0,0,3.0,251.95,14.47,Sports,East,2018-10-18 22:14:46.486486480,2018-10-24 22:14:46.486486480,0,6.0,1,5.743203016471523,0.14705882352941174,0.4000000000000001,0.18057908151150087
100307,First Class,5.0,2,2.0,156.06,31.38,Clothing,East,2016-05-03 03:04:30.270270272,2016-05-08 03:04:30.270270272,0,3.0,1,20.10765090349865,0.11764705882352941,0.2,0.10467951051940033
100308,Standard Class,6.0,3,2.0,45.2,0.81,Electronic Supplies,Central,2017-04-21 19:14:35.675675680,2017-04-27 19:14:35.675675680,0,3.0,1,1.7920353982300887,0.14705882352941174,0.2,0.016930773005746493
100309,Second Class,4.0,2,1.0,61.5,5.02,Electronic Supplies,Central,2018-09-27 00:07:12.432432432,2018-10-01 00:07:12.432432432,0,2.0,1,8.16260162601626,0.08823529411764705,0.0,0.02983267108866691
100310,Standard Class,6.0,4,1.0,112.06,16.83,Clothing,South,2017-04-08 15:34:03.243243240,2017-04-14 15:34:03.243243240,0,2.0,1,15.018739960735319,0.14705882352941174,0.0,0.0698523009704127
100311,Standard Class,2.0,5,2.0,225.85,23.8,Clothing,West,2017-05-18 02:35:40.540540544,2017-05-20 02:35:40.540540544,0,-3.0,0,10.537967677662166,0.029411764705882353,0.2,0.1599202140290332
100312,Standard Class,6.0,3,2.0,112.13,14.52,Electronic Supplies,West,2017-02-13 13:47:23.243243240,2017-02-19 13:47:23.243243240,0,3.0,1,12.949255328636406,0.14705882352941174,0.2,0.06990770789469518
100313,Standard Class,4.0,5,3.0,117.42,7.85,Clothing,South,2017-04-29 02:37:07.027027024,2017-05-03 02:37:07.027027024,0,-1.0,0,6.685402827456992,0.08823529411764705,0.4000000000000001,0.0740948883154712
100314,Same Day,6.0,0,1.0,283.19,-5.05,Sports,West,2017-10-30 06:04:41.081081072,2017-11-05 06:04:41.081081072,0,6.0,1,-1.7832550584413291,0.14705882352941174,0.0,0.20530640029128208
100315,Second Class,4.0,2,2.0,120.21,27.32,Clothing,West,2016-10-16 17:38:01.081081080,2016-10-20 17:38:01.081081080,0,2.0,1,22.726894601114715,0.08823529411764705,0.2,0.07630325001187291
100316,First Class,5.0,1,1.0,409.54,29.39,Sports,West,2016-10-24 01:00:32.432432432,2016-10-29 01:00:32.432432432,0,4.0,1,7.17634419104361,0.11764705882352941,0.0,0.3053158986211591
100317,Standard Class,4.0,4,1.0,367.72,48.95,Clothing,Central,2015-11-30 05:07:01.621621620,2015-12-04 05:07:01.621621620,0,0.0,0,13.31175894702491,0.08823529411764705,0.0,0.27221421899982584
100318,Standard Class,5.0,3,2.0,174.9,29.06,Electronic Supplies,East,2016-05-29 10:25:35.135135136,2016-06-03 10:25:35.135135136,0,2.0,1,16.61520869068039,0.11764705882352941,0.2,0.11959188842628506
100319,Standard Class,2.0,4,1.0,281.39,37.9,Sports,South,2017-11-29 22:39:16.756756752,2017-12-01 22:39:16.756756752,0,-2.0,0,13.468851060805287,0.029411764705882353,0.0,0.20388165080973258
100320,Standard Class,2.0,5,1.0,257.55,13.73,Clothing,South,2015-11-06 19:54:57.297297296,2015-11-08 19:54:57.297297296,0,-3.0,0,5.331003688604154,0.029411764705882353,0.0,0.18501163545409932
100321,First Class,3.0,1,2.0,146.98,29.8,Clothing,South,2015-04-26 10:55:51.351351350,2015-04-29 10:55:51.351351350,0,2.0,1,20.274867328888284,0.0588235294117647,0.2,0.09749244091247287
100322,Second Class,3.0,3,1.0,301.89,45.61,Clothing,East,2015-08-05 07:06:40.000000000,2015-08-08 07:06:40.000000000,0,0.0,0,15.108151975885256,0.0588235294117647,0.0,0.22010796434960184
100323,First Class,6.0,2,1.0,332.22,17.24,Electronic Supplies,South,2016-03-17 08:40:21.621621624,2016-03-23 08:40:21.621621624,0,4.0,1,5.189332370116187,0.14705882352941174,0.0,0.24411499311371082
100324,Standard Class,3.0,4,1.0,92.84,11.52,Sports,Central,2017-07-06 19:08:49.729729728,2017-07-09 19:08:49.729729728,0,-1.0,0,12.408444635932787,0.0588235294117647,0.0,0.0546391426174231
100325,Same Day,8.0,0,1.0,190.53,46.6,Clothing,Central,2018-02-09 13:20:00.000000000,2018-02-17 13:20:00.000000000,0,8.0,1,24.458090589408492,0.20588235294117646,0.0,0.13196346309107312
100326,Second Class,4.0,3,1.0,189.17,9.76,Clothing,East,2017-01-09 11:59:16.756756752,2017-01-13 11:59:16.756756752,0,1.0,1,5.15938045144579,0.08823529411764705,0.0,0.1308869857050135
100327,First Class,3.0,1,3.0,299.54,42.9,Sports,East,2016-05-14 19:40:32.432432432,2016-05-17 19:40:32.432432432,0,2.0,1,14.32196033918675,0.0588235294117647,0.4000000000000001,0.21824787474869
100328,First Class,6.0,2,1.0,129.22,8.75,Sports,Central,2016-12-09 19:24:41.081081080,2016-12-15 19:24:41.081081080,0,4.0,1,6.771397616468039,0.14705882352941174,0.0,0.08343491269451787
100329,Standard Class,5.0,3,1.0,116.92,-5.25,Sports,East,2017-11-05 02:22:42.162162160,2017-11-10 02:22:42.162162160,0,2.0,1,-4.4902497434143,0.11764705882352941,0.0,0.07369912457059634
100330,Standard Class,4.0,5,2.0,192.45,-9.05,Clothing,Central,2015-07-14 08:59:05.945945946,2015-07-18 08:59:05.945945946,0,-1.0,0,-4.702520135100027,0.08823529411764705,0.2,0.1334831958713926
100331,Standard Class,4.0,3,3.0,371.62,10.71,Sports,East,2017-10-24 09:46:40.000000000,2017-10-28 09:46:40.000000000,0,1.0,1,2.8819762122598354,0.08823529411764705,0.4000000000000001,0.27530117620984973
100332,Second Class,5.0,2,4.0,79.08,4.53,Sports,West,2016-03-30 12:20:54.054054056,2016-04-04 12:20:54.054054056,0,3.0,1,5.7283763277693485,0.11764705882352941,0.6000000000000001,0.043747724358466966
100333,Standard Class,3.0,3,3.0,88.58,25.14,Electronic Supplies,West,2017-11-21 04:12:15.135135136,2017-11-24 04:12:15.135135136,0,0.0,0,28.381124407315422,0.0588235294117647,0.4000000000000001,0.051267235511089304
100334,Standard Class,9.0,4,3.0,122.94,20.39,Electronic Supplies,Central,2017-07-08 06:13:20.000000000,2017-07-17 06:13:20.000000000,1,5.0,1,16.5853261753701,0.23529411764705882,0.4000000000000001,0.07846412005888964
100335,Standard Class,8.0,5,2.0,138.01,23.89,Sports,East,2015-01-01 00:00:00.000000000,2015-01-09 00:00:00.000000000,0,3.0,1,17.31033983044707,0.20588235294117646,0.2,0.0903924393294179
100336,Standard Class,5.0,5,3.0,54.73,3.23,Sports,West,2016-04-06 19:43:25.405405400,2016-04-11 19:43:25.405405400,0,0.0,0,5.901699250867897,0.11764705882352941,0.4000000000000001,0.02447402998306131
100337,Second Class,3.0,3,2.0,456.61,52.47,Clothing,East,2017-10-28 19:00:10.810810800,2017-10-31 19:00:10.810810800,0,0.0,0,11.491206938087208,0.0588235294117647,0.2,0.3425730975636784
100338,Second Class,5.0,2,1.0,158.43,46.66,Electronic Supplies,East,2017-03-10 10:03:57.837837832,2017-03-15 10:03:57.837837832,0,3.0,1,29.451492772833426,0.11764705882352941,0.0,0.10655543067010718
100339,Standard Class,2.0,5,1.0,143.73,1.85,Clothing,West,2018-06-28 09:27:55.675675664,2018-06-30 09:27:55.675675664,0,-3.0,0,1.287135601474988,0.029411764705882353,0.0,0.0949199765707863
100340,Standard Class,2.0,3,1.0,495.08,72.53,Clothing,South,2017-02-16 11:56:23.783783784,2017-02-18 11:56:23.783783784,0,-1.0,0,14.650157550294903,0.029411764705882353,0.0,0.37302316009435005
100341,Standard Class,3.0,4,5.0,274.94,65.68,Clothing,Central,2016-11-28 02:48:38.918918920,2016-12-01 02:48:38.918918920,0,-1.0,0,23.888848476031136,0.0588235294117647,0.8,0.1987762985008469
100342,Standard Class,4.0,3,2.0,121.75,22.8,Electronic Supplies,East,2016-08-13 10:19:49.189189184,2016-08-17 10:19:49.189189184,0,1.0,1,18.72689938398357,0.08823529411764705,0.2,0.07752220234608748
100343,Standard Class,6.0,4,3.0,191.9,48.77,Clothing,East,2015-09-09 08:54:46.486486484,2015-09-15 08:54:46.486486484,0,2.0,1,25.414278269932254,0.14705882352941174,0.4000000000000001,0.13304785575203026
100344,Standard Class,5.0,4,2.0,167.82,21.32,Clothing,West,2015-07-02 16:23:03.783783784,2015-07-07 16:23:03.783783784,0,1.0,1,12.70408771302586,0.11764705882352941,0.2,0.11398787379885701
100345,Standard Class,5.0,4,2.0,442.05,69.97,Clothing,Central,2016-07-29 19:34:46.486486488,2016-08-03 19:34:46.486486488,0,1.0,1,15.82852618482072,0.11764705882352941,0.2,0.33104845731292243
100346,First Class,4.0,2,1.0,154.65,18.37,Clothing,Central,2016-09-05 19:31:53.513513512,2016-09-09 19:31:53.513513512,0,2.0,1,11.878435176204333,0.08823529411764705,0.0,0.10356345675885324
100347,First Class,4.0,1,1.0,67.54,10.31,Clothing,Central,2017-03-17 17:26:29.189189184,2017-03-21 17:26:29.189189184,0,3.0,1,15.265028131477642,0.08823529411764705,0.0,0.03461349712675521
100348,Standard Class,4.0,3,4.0,50.9,1.87,Electronic Supplies,South,2018-08-12 16:47:34.054054048,2018-08-16 16:47:34.054054048,0,1.0,1,3.6738703339882126,0.08823529411764705,0.6000000000000001,0.021442479697319886
100349,Standard Class,8.0,4,3.0,449.82,77.99,Electronic Supplies,West,2015-05-12 12:45:24.324324324,2015-05-20 12:45:24.324324324,0,4.0,1,17.338046329642967,0.20588235294117646,0.4000000000000001,0.33719862590827776
100350,First Class,2.0,1,2.0,103.28,13.79,Clothing,West,2018-10-04 07:29:43.783783776,2018-10-06 07:29:43.783783776,0,1.0,1,13.352052672347018,0.029411764705882353,0.2,0.06290268961041016
100351,First Class,6.0,2,4.0,266.57,30.66,Electronic Supplies,South,2015-09-22 12:35:18.918918920,2015-09-28 12:35:18.918918920,0,4.0,1,11.501669355141239,0.14705882352941174,0.6000000000000001,0.19215121341164176
100352,Second Class,5.0,2,1.0,180.67,45.12,Sports,Central,2016-02-05 10:34:14.054054052,2016-02-10 10:34:14.054054052,0,3.0,1,24.973708972159187,0.11764705882352941,0.0,0.1241590020421409
100353,First Class,4.0,1,6.0,131.52,11.67,Clothing,South,2018-08-01 00:11:31.891891888,2018-08-05 00:11:31.891891888,0,3.0,1,8.873175182481752,0.08823529411764705,1.0000000000000002,0.08525542592094223
100354,Standard Class,5.0,5,2.0,145.63,30.09,Sports,West,2015-04-11 20:10:48.648648648,2015-04-16 20:10:48.648648648,0,0.0,0,20.66195152097782,0.11764705882352941,0.2,0.09642387880131076
100355,Standard Class,4.0,4,2.0,482.6,103.56,Electronic Supplies,East,2016-03-01 06:50:48.648648648,2016-03-05 06:50:48.648648648,0,0.0,0,21.4587650227932,0.08823529411764705,0.2,0.3631448970222736
100356,First Class,6.0,1,2.0,67.27,12.0,Clothing,South,2015-07-11 10:50:05.405405404,2015-07-17 10:50:05.405405404,0,5.0,1,17.838561022744166,0.14705882352941174,0.2,0.03439978470452279
100357,Standard Class,7.0,4,1.0,134.13,4.4,Clothing,South,2016-03-14 10:31:21.081081080,2016-03-21 10:31:21.081081080,0,3.0,1,3.28039961231641,0.1764705882352941,0.0,0.087321312669189
100358,First Class,4.0,2,1.0,310.84,43.12,Electronic Supplies,South,2016-09-11 15:49:54.594594592,2016-09-15 15:49:54.594594592,0,2.0,1,13.872088534294171,0.08823529411764705,0.0,0.22719213538286182
100359,Second Class,3.0,3,3.0,74.89,19.97,Sports,Central,2016-04-21 10:28:28.108108104,2016-04-24 10:28:28.108108104,0,0.0,0,26.665776472159163,0.0588235294117647,0.4000000000000001,0.04043122417641565
100360,First Class,5.0,1,4.0,405.95,-14.4,Clothing,South,2015-07-30 10:48:38.918918920,2015-08-04 10:48:38.918918920,0,4.0,1,-3.547234881142998,0.11764705882352941,0.6000000000000001,0.30247431493295757
100361,Standard Class,7.0,3,4.0,307.96,29.25,Sports,South,2016-09-10 04:45:24.324324320,2016-09-17 04:45:24.324324320,0,4.0,1,9.497986751526174,0.1764705882352941,0.6000000000000001,0.2249125362123826
100362,First Class,3.0,1,1.0,205.75,41.76,Clothing,East,2017-04-27 15:32:36.756756752,2017-04-30 15:32:36.756756752,0,2.0,1,20.29647630619684,0.0588235294117647,0.0,0.14401051148506386
100363,Standard Class,5.0,5,2.0,124.33,12.53,Electronic Supplies,Central,2015-07-17 07:08:06.486486486,2015-07-22 07:08:06.486486486,0,0.0,0,10.07801817743103,0.11764705882352941,0.2,0.07956434326964175
100364,First Class,5.0,1,1.0,68.89,12.04,Sports,Central,2016-10-19 15:47:01.621621616,2016-10-24 15:47:01.621621616,0,4.0,1,17.47713746552475,0.11764705882352941,0.0,0.03568205923791733
100365,Second Class,5.0,3,1.0,273.03,60.81,Clothing,South,2015-08-28 16:18:44.324324324,2015-09-02 16:18:44.324324324,0,2.0,1,22.272277771673448,0.11764705882352941,0.0,0.19726448099542493
100366,Standard Class,3.0,5,3.0,1029.28,132.32,Sports,West,2015-02-10 22:06:07.567567567,2015-02-13 22:06:07.567567567,0,-2.0,0,12.855588372454532,0.0588235294117647,0.4000000000000001,0.7958571451186499
100367,Same Day,5.0,0,2.0,189.58,28.57,Sports,East,2018-02-03 17:01:58.918918912,2018-02-08 17:01:58.918918912,0,5.0,1,15.070155079649753,0.11764705882352941,0.2,0.1312115119758109
100368,Second Class,7.0,3,1.0,52.62,6.17,Clothing,Central,2015-10-10 01:29:22.162162160,2015-10-17 01:29:22.162162160,0,4.0,1,11.725579627518053,0.1764705882352941,0.0,0.0228039069796894
100369,Standard Class,3.0,5,1.0,232.15,31.07,Sports,Central,2016-07-21 01:07:44.864864864,2016-07-24 01:07:44.864864864,0,-2.0,0,13.383588197286237,0.0588235294117647,0.0,0.16490683721445645
100370,Standard Class,3.0,5,6.0,301.62,83.91,Electronic Supplies,West,2018-05-30 03:57:50.270270272,2018-06-02 03:57:50.270270272,0,-2.0,0,27.81977322458723,0.0588235294117647,1.0000000000000002,0.21989425192736942
100371,Standard Class,8.0,4,1.0,94.95,9.96,Clothing,East,2015-09-04 23:41:15.675675676,2015-09-12 23:41:15.675675676,0,4.0,1,10.489731437598737,0.20588235294117646,0.0,0.05630926562079501
100372,Standard Class,3.0,5,2.0,113.34,9.27,Sports,South,2017-10-27 07:55:40.540540544,2017-10-30 07:55:40.540540544,0,-2.0,0,8.178930651138169,0.0588235294117647,0.2,0.07086545615729234
100373,Standard Class,6.0,4,2.0,106.08,20.51,Clothing,West,2015-07-24 14:30:37.837837838,2015-07-30 14:30:37.837837838,0,2.0,1,19.33446455505279,0.14705882352941174,0.2,0.06511896658170938
100374,First Class,4.0,1,1.0,122.07,5.2,Clothing,West,2015-09-10 19:59:16.756756756,2015-09-14 19:59:16.756756756,0,3.0,1,4.259850905218317,0.08823529411764705,0.0,0.07777549114280738
100375,Standard Class,3.0,3,1.0,154.18,9.38,Clothing,Central,2015-01-09 18:27:01.621621621,2015-01-12 18:27:01.621621621,0,0.0,0,6.083798157997147,0.0588235294117647,0.0,0.10319143883867087
100376,Standard Class,6.0,3,2.0,98.54,6.04,Clothing,Central,2017-12-24 18:55:51.351351344,2017-12-30 18:55:51.351351344,0,3.0,1,6.12949056220824,0.14705882352941174,0.2,0.0591508493089965
100377,Second Class,4.0,2,3.0,77.22,6.91,Electronic Supplies,East,2016-11-29 13:53:09.189189184,2016-12-03 13:53:09.189189184,0,2.0,1,8.94845894845895,0.08823529411764705,0.4000000000000001,0.042275483227532495
100378,Standard Class,4.0,3,2.0,193.13,17.97,Clothing,East,2015-04-17 16:28:49.729729730,2015-04-21 16:28:49.729729730,0,1.0,1,9.304613472790347,0.08823529411764705,0.2,0.1340214345644224
100379,Second Class,4.0,2,3.0,153.13,25.41,Sports,Central,2018-08-22 22:19:05.945945936,2018-08-26 22:19:05.945945936,0,2.0,1,16.59374387775093,0.08823529411764705,0.4000000000000001,0.10236033497443366
100380,Standard Class,5.0,3,6.0,129.86,10.73,Clothing,South,2018-04-03 04:02:09.729729728,2018-04-08 04:02:09.729729728,0,2.0,1,8.262744494070537,0.11764705882352941,1.0000000000000002,0.0839414902879577
100381,Standard Class,3.0,5,3.0,182.01,30.79,Electronic Supplies,East,2015-12-14 19:52:04.324324324,2015-12-17 19:52:04.324324324,0,-2.0,0,16.916652931157632,0.0588235294117647,0.4000000000000001,0.12521964887840553
100382,First Class,4.0,1,2.0,64.19,11.5,Sports,Central,2015-07-31 21:53:09.189189188,2015-08-04 21:53:09.189189188,0,3.0,1,17.91556317183362,0.08823529411764705,0.2,0.031961880036093654
100383,First Class,8.0,1,2.0,204.61,11.81,Sports,Central,2018-03-03 11:27:34.054054048,2018-03-11 11:27:34.054054048,0,7.0,1,5.771956404867797,0.20588235294117646,0.2,0.14310817014674918
100384,Second Class,3.0,3,3.0,131.6,23.35,Clothing,Central,2015-12-08 23:34:03.243243244,2015-12-11 23:34:03.243243244,0,0.0,0,17.743161094224927,0.0588235294117647,0.4000000000000001,0.0853187481201222
100385,Second Class,5.0,3,3.0,201.48,37.21,Clothing,South,2015-11-18 12:30:59.459459460,2015-11-23 12:30:59.459459460,0,2.0,1,18.468334325987694,0.11764705882352941,0.4000000000000001,0.14063068910383256
100386,Second Class,4.0,2,2.0,223.58,-6.9,Clothing,Central,2018-09-10 22:17:39.459459456,2018-09-14 22:17:39.459459456,0,2.0,1,-3.0861436622238125,0.08823529411764705,0.2,0.15812344662730135
100387,Standard Class,5.0,3,3.0,359.69,48.01,Electronic Supplies,East,2016-12-31 17:32:15.135135136,2017-01-05 17:32:15.135135136,0,2.0,1,13.347604881981706,0.11764705882352941,0.4000000000000001,0.2658582532571356
100388,Standard Class,3.0,4,1.0,184.37,12.81,Clothing,West,2015-07-12 21:54:35.675675676,2015-07-15 21:54:35.675675676,0,-1.0,0,6.947985030102512,0.0588235294117647,0.0,0.12708765375421488
100389,Second Class,8.0,3,2.0,344.94,73.9,Sports,Central,2018-12-17 20:19:27.567567568,2018-12-25 20:19:27.567567568,0,5.0,1,21.424015770858702,0.20588235294117646,0.2,0.2541832227833272
100390,Second Class,4.0,3,1.0,139.88,9.61,Sports,Central,2018-02-05 04:06:29.189189184,2018-02-09 04:06:29.189189184,0,1.0,1,6.870174435230197,0.08823529411764705,0.0,0.09187259573524988
100391,Same Day,3.0,0,1.0,144.28,0.41,Clothing,Central,2015-09-28 08:53:20.000000000,2015-10-01 08:53:20.000000000,0,3.0,1,0.28416967008594396,0.0588235294117647,0.0,0.09535531669014864
100392,Standard Class,2.0,4,1.0,162.54,17.49,Sports,East,2015-03-01 22:04:41.081081081,2015-03-03 22:04:41.081081081,0,-2.0,0,10.760428202288667,0.029411764705882353,0.0,0.10980860865297852
100393,Standard Class,3.0,3,3.0,285.2,10.91,Sports,Central,2017-10-14 04:15:08.108108112,2017-10-17 04:15:08.108108112,0,0.0,0,3.825385694249649,0.0588235294117647,0.4000000000000001,0.20689737054567903
100394,Second Class,4.0,2,2.0,259.85,46.24,Sports,Central,2015-06-07 20:06:29.189189188,2015-06-11 20:06:29.189189188,0,2.0,1,17.794881662497595,0.08823529411764705,0.2,0.18683214868052367
100395,Standard Class,4.0,3,1.0,188.25,8.53,Clothing,South,2017-05-09 08:08:38.918918912,2017-05-13 08:08:38.918918912,0,1.0,1,4.531208499335989,0.08823529411764705,0.0,0.1301587804144438
100396,Second Class,6.0,2,2.0,77.63,8.43,Clothing,Central,2015-03-23 20:12:15.135135135,2015-03-29 20:12:15.135135135,0,4.0,1,10.859203916011852,0.14705882352941174,0.2,0.04260000949832987
100397,Second Class,4.0,3,2.0,256.85,60.02,Clothing,West,2016-08-14 21:24:19.459459456,2016-08-18 21:24:19.459459456,0,1.0,1,23.36772435273506,0.08823529411764705,0.2,0.18445756621127452
100398,Standard Class,3.0,3,1.0,98.5,19.49,Electronic Supplies,West,2016-10-07 23:10:59.459459456,2016-10-10 23:10:59.459459456,0,0.0,0,19.78680203045685,0.0588235294117647,0.0,0.05911918820940651
100399,Second Class,5.0,2,3.0,95.08,14.09,Sports,East,2018-01-11 07:49:54.594594592,2018-01-16 07:49:54.594594592,0,3.0,1,14.81909970551115,0.11764705882352941,0.4000000000000001,0.056412164194462475
100400,Second Class,5.0,2,4.0,82.27,8.21,Clothing,East,2018-12-28 01:50:59.459459456,2019-01-02 01:50:59.459459456,0,3.0,1,9.979336331591105,0.11764705882352941,0.6000000000000001,0.04627269705076857
100401,Standard Class,4.0,3,4.0,163.36,22.97,Electronic Supplies,Central,2015-02-05 01:48:06.486486486,2015-02-08 01:48:06.486486486,0,1.0,1,14.060969637610185,0.08823529411764705,0.6000000000000001,0.1104576611945733
100402,Second Class,3.0,3,3.0,379.03,62.58,Clothing,West,2016-11-13 12:03:36.216216216,2016-11-16 12:03:36.216216216,0,0.0,0,16.51056644592776,0.0588235294117647,0.4000000000000001,0.2811663949088951
100403,First Class,2.0,2,2.0,92.07,2.86,Electronic Supplies,West,2017-02-26 17:27:55.675675672,2017-02-28 17:27:55.675675672,0,0.0,0,3.106332138590203,0.029411764705882353,0.2,0.054029666450315816
100404,Second Class,5.0,3,1.0,513.41,91.44,Electronic Supplies,West,2017-02-15 00:51:53.513513512,2017-02-20 00:51:53.513513512,0,2.0,1,17.81032702908007,0.11764705882352941,0.0,0.38753185898146236
100405,Standard Class,5.0,5,1.0,311.49,6.81,Electronic Supplies,Central,2017-06-22 04:23:47.027027024,2017-06-27 04:23:47.027027024,0,0.0,0,2.186266011749976,0.11764705882352941,0.0,0.22770662825119914
100406,Second Class,4.0,3,1.0,66.55,10.37,Electronic Supplies,South,2017-10-11 06:06:07.567567568,2017-10-15 06:06:07.567567568,0,1.0,1,15.582268970698724,0.08823529411764705,0.0,0.03382988491190299
100407,Standard Class,6.0,3,6.0,134.45,2.88,Clothing,Central,2018-09-15 07:31:10.270270272,2018-09-21 07:31:10.270270272,0,3.0,1,2.1420602454444033,0.14705882352941174,1.0000000000000002,0.0875746014659089
100408,Standard Class,6.0,4,1.0,87.69,23.42,Clothing,East,2016-05-08 23:22:31.351351352,2016-05-14 23:22:31.351351352,0,2.0,1,26.70772037860646,0.14705882352941174,0.0,0.050562776045212046
100409,Second Class,5.0,2,1.0,265.66,45.45,Sports,East,2015-03-16 12:49:43.783783784,2015-03-21 12:49:43.783783784,0,3.0,1,17.10833396070165,0.11764705882352941,0.0,0.19143092339596954
100410,Standard Class,6.0,5,4.0,90.71,-1.31,Clothing,Central,2017-01-10 23:03:47.027027024,2017-01-16 23:03:47.027027024,0,1.0,1,-1.4441627163488042,0.14705882352941174,0.6000000000000001,0.052953189064256195
100411,Standard Class,3.0,5,5.0,60.12,6.61,Clothing,East,2017-01-24 02:44:19.459459456,2017-01-27 02:44:19.459459456,0,-2.0,0,10.994677312042581,0.0588235294117647,0.8,0.028740363152812292
100412,Same Day,2.0,0,3.0,139.53,9.53,Sports,West,2018-09-06 13:04:08.648648640,2018-09-08 13:04:08.648648640,0,2.0,1,6.830072385866838,0.029411764705882353,0.4000000000000001,0.09159556111383749
100413,Same Day,3.0,0,1.0,368.75,21.69,Clothing,South,2018-02-15 09:38:01.081081072,2018-02-18 09:38:01.081081072,0,3.0,1,5.882033898305085,0.0588235294117647,0.0,0.27302949231426804
100414,First Class,2.0,2,1.0,152.15,18.53,Electronic Supplies,South,2016-01-21 19:49:11.351351352,2016-01-23 19:49:11.351351352,0,0.0,0,12.17877094972067,0.029411764705882353,0.0,0.10158463803447894
100415,First Class,4.0,2,2.0,223.41,7.99,Electronic Supplies,East,2018-04-09 00:20:10.810810800,2018-04-13 00:20:10.810810800,0,2.0,1,3.576384226310371,0.08823529411764705,0.2,0.1579888869540439
100416,Standard Class,7.0,3,1.0,229.11,39.16,Electronic Supplies,West,2017-11-03 15:18:11.891891888,2017-11-10 15:18:11.891891888,0,4.0,1,17.092226441447337,0.1764705882352941,0.0,0.1625005936456173
100417,Standard Class,2.0,3,1.0,64.52,10.73,Sports,Central,2017-09-23 17:12:04.324324320,2017-09-25 17:12:04.324324320,0,-1.0,0,16.63050216986981,0.029411764705882353,0.0,0.03222308410771106
100418,Standard Class,2.0,4,2.0,96.1,13.27,Electronic Supplies,East,2018-04-30 22:27:44.864864864,2018-05-02 22:27:44.864864864,0,-2.0,0,13.80853277835588,0.029411764705882353,0.2,0.057219522234007184
100419,First Class,4.0,1,5.0,173.16,18.78,Electronic Supplies,Central,2017-01-27 00:53:20.000000000,2017-01-31 00:53:20.000000000,0,3.0,1,10.845460845460847,0.08823529411764705,0.8,0.11821463059412053
100420,Second Class,7.0,2,2.0,120.03,19.54,Sports,East,2016-10-15 06:33:30.810810808,2016-10-22 06:33:30.810810808,0,5.0,1,16.27926351745397,0.1764705882352941,0.2,0.07616077506371796
100421,Second Class,4.0,2,3.0,522.12,90.49,Clothing,East,2015-01-27 07:21:04.864864865,2015-01-31 07:21:04.864864865,0,2.0,1,17.331264843331034,0.08823529411764705,0.4000000000000001,0.39442606341718245
100422,Second Class,4.0,2,3.0,77.6,11.36,Electronic Supplies,East,2017-11-10 22:40:43.243243232,2017-11-14 22:40:43.243243232,0,2.0,1,14.63917525773196,0.08823529411764705,0.4000000000000001,0.042576263673637385
100423,Standard Class,2.0,3,1.0,95.49,0.48,Electronic Supplies,West,2016-12-06 21:15:40.540540536,2016-12-08 21:15:40.540540536,0,-1.0,0,0.5026704366949418,0.029411764705882353,0.0,0.05673669046525985
100424,Standard Class,3.0,5,3.0,208.27,9.77,Clothing,South,2017-04-10 02:38:33.513513512,2017-04-13 02:38:33.513513512,0,-2.0,0,4.691026071925865,0.0588235294117647,0.4000000000000001,0.14600516075923314
100425,Standard Class,8.0,5,1.0,114.65,10.15,Clothing,East,2016-09-24 19:30:27.027027024,2016-10-02 19:30:27.027027024,0,3.0,1,8.853030963802878,0.20588235294117646,0.0,0.07190235716886448
100426,First Class,8.0,1,1.0,26.32,-0.21,Sports,South,2016-06-20 08:33:09.189189184,2016-06-28 08:33:09.189189184,0,7.0,1,-0.7978723404255319,0.20588235294117646,0.0,0.0019867339992717947
100427,Standard Class,1.0,3,3.0,606.4,77.57,Clothing,West,2015-05-02 07:13:52.432432432,2015-05-03 07:13:52.432432432,0,-2.0,0,12.791886543535618,0.0,0.4000000000000001,0.4611360002532887
100428,Second Class,7.0,3,1.0,85.77,19.12,Electronic Supplies,East,2015-03-31 03:34:46.486486486,2015-04-07 03:34:46.486486486,0,4.0,1,22.292176751778015,0.1764705882352941,0.0,0.04904304326489259
100429,Standard Class,5.0,4,6.0,248.29,52.17,Electronic Supplies,West,2017-07-21 09:53:52.432432432,2017-07-26 09:53:52.432432432,0,1.0,1,21.011720165934996,0.11764705882352941,1.0000000000000002,0.1776820908990169
100430,Standard Class,6.0,3,1.0,76.35,12.92,Clothing,Central,2016-02-02 12:25:13.513513512,2016-02-08 12:25:13.513513512,0,3.0,1,16.922069417157825,0.14705882352941174,0.0,0.04158685431145023
100431,Standard Class,4.0,4,3.0,98.4,16.55,Sports,South,2016-02-21 12:23:47.027027024,2016-02-25 12:23:47.027027024,0,0.0,0,16.819105691056908,0.08823529411764705,0.4000000000000001,0.059040035460431545
100432,Second Class,4.0,2,2.0,60.04,17.24,Clothing,West,2016-06-10 03:01:37.297297296,2016-06-14 03:01:37.297297296,0,2.0,1,28.71419053964024,0.08823529411764705,0.2,0.028677040953632316
100433,First Class,4.0,1,1.0,106.51,18.91,Sports,South,2016-06-01 08:34:35.675675672,2016-06-05 08:34:35.675675672,0,3.0,1,17.754201483428787,0.08823529411764705,0.0,0.06545932340230176
100434,Standard Class,5.0,3,1.0,113.43,20.88,Clothing,West,2016-10-28 10:14:03.243243240,2016-11-02 10:14:03.243243240,0,2.0,1,18.40782861676805,0.11764705882352941,0.0,0.07093669363136983
100435,Standard Class,3.0,3,3.0,158.2,-0.81,Sports,South,2016-02-11 06:52:15.135135132,2016-02-14 06:52:15.135135132,0,0.0,0,-0.5120101137800254,0.0588235294117647,0.4000000000000001,0.10637337934746473
100436,Second Class,1.0,3,4.0,135.35,29.32,Clothing,West,2015-01-18 12:54:03.243243243,2015-01-19 12:54:03.243243243,0,-2.0,0,21.66235685260436,0.0,0.6000000000000001,0.08828697620668365
100437,Standard Class,3.0,3,4.0,67.56,9.59,Clothing,East,2015-09-23 23:39:49.189189188,2015-09-26 23:39:49.189189188,0,0.0,0,14.194789816459444,0.0588235294117647,0.6000000000000001,0.034629327676550206
100438,Second Class,5.0,2,2.0,122.67,12.71,Clothing,Central,2016-06-21 19:37:39.459459456,2016-06-26 19:37:39.459459456,0,3.0,1,10.361131490992094,0.11764705882352941,0.2,0.07825040763665722
100439,Second Class,3.0,2,4.0,441.67,37.01,Clothing,East,2018-07-11 13:08:28.108108112,2018-07-14 13:08:28.108108112,0,1.0,1,8.3795593995517,0.0588235294117647,0.6000000000000001,0.33074767686681755
100440,Standard Class,5.0,4,3.0,408.89,27.03,Sports,East,2017-06-17 19:10:16.216216208,2017-06-22 19:10:16.216216208,0,1.0,1,6.610579862554722,0.11764705882352941,0.4000000000000001,0.3048014057528218
100441,Standard Class,8.0,3,3.0,231.87,48.82,Clothing,Central,2015-11-22 21:44:30.270270268,2015-11-30 21:44:30.270270268,0,5.0,1,21.054901453400614,0.20588235294117646,0.4000000000000001,0.16468520951732651
100442,Same Day,2.0,0,2.0,265.34,28.59,Sports,South,2017-04-15 22:56:34.594594592,2017-04-17 22:56:34.594594592,0,2.0,1,10.774854903143138,0.029411764705882353,0.2,0.19117763459924958
100443,Standard Class,5.0,4,3.0,658.22,45.46,Electronic Supplies,East,2018-11-18 14:49:22.162162160,2018-11-23 14:49:22.162162160,0,1.0,1,6.906505423718514,0.11764705882352941,0.4000000000000001,0.5021529547721192
100444,Standard Class,4.0,3,4.0,249.96,12.07,Electronic Supplies,South,2017-08-12 08:01:26.486486480,2017-08-16 08:01:26.486486480,0,1.0,1,4.828772603616579,0.08823529411764705,0.6000000000000001,0.17900394180689894
100445,Second Class,6.0,2,2.0,262.1,32.41,Electronic Supplies,South,2017-03-07 11:54:57.297297296,2017-03-13 11:54:57.297297296,0,4.0,1,12.365509347577259,0.14705882352941174,0.2,0.18861308553246053
100446,Second Class,3.0,3,4.0,62.37,5.07,Electronic Supplies,West,2017-04-30 13:41:37.297297296,2017-05-03 13:41:37.297297296,0,0.0,0,8.12890812890813,0.0588235294117647,0.6000000000000001,0.030521300004749164
100447,Same Day,5.0,0,3.0,83.66,5.27,Clothing,South,2017-07-14 02:31:21.081081072,2017-07-19 02:31:21.081081072,0,5.0,1,6.299306717666746,0.11764705882352941,0.4000000000000001,0.04737292026152068
100448,Second Class,6.0,2,1.0,168.81,-0.1,Clothing,East,2015-09-15 05:12:47.567567568,2015-09-21 05:12:47.567567568,0,4.0,1,-0.05923819678928974,0.14705882352941174,0.0,0.11477148601370925
100449,Standard Class,7.0,3,1.0,102.02,19.05,Sports,South,2017-08-29 20:55:29.729729728,2017-09-05 20:55:29.729729728,0,4.0,1,18.672809253087628,0.1764705882352941,0.0,0.06190536497332552
100450,Standard Class,5.0,5,2.0,90.14,8.92,Electronic Supplies,East,2017-09-10 13:31:31.891891888,2017-09-15 13:31:31.891891888,0,0.0,0,9.895717772354114,0.11764705882352941,0.2,0.05250201839509887
100451,Second Class,4.0,3,2.0,97.16,2.25,Electronic Supplies,East,2017-05-04 22:55:08.108108112,2017-05-08 22:55:08.108108112,0,1.0,1,2.31576780568135,0.08823529411764705,0.2,0.058058541373141884
100452,First Class,5.0,2,4.0,68.35,6.04,Clothing,East,2018-06-29 20:32:25.945945936,2018-07-04 20:32:25.945945936,0,3.0,1,8.836869056327727,0.11764705882352941,0.6000000000000001,0.03525463439345247
100453,Standard Class,6.0,3,1.0,103.09,15.87,Clothing,East,2016-07-28 08:30:16.216216216,2016-08-03 08:30:16.216216216,0,3.0,1,15.394315646522456,0.14705882352941174,0.0,0.06275229938735773
100454,Second Class,5.0,2,4.0,215.0,24.15,Clothing,West,2015-08-27 05:14:14.054054052,2015-09-01 05:14:14.054054052,0,3.0,1,11.232558139534882,0.11764705882352941,0.6000000000000001,0.15133214076524876
100455,Standard Class,2.0,4,4.0,554.25,69.44,Sports,East,2015-12-29 10:37:07.027027024,2015-12-31 10:37:07.027027024,0,-2.0,0,12.528642309427154,0.029411764705882353,0.6000000000000001,0.4198578416628409
100456,Standard Class,7.0,3,1.0,289.47,32.83,Sports,East,2017-07-15 13:35:51.351351344,2017-07-22 13:35:51.351351344,0,4.0,1,11.341417072580922,0.1764705882352941,0.0,0.21027719292691036
100457,Standard Class,5.0,4,4.0,260.73,2.05,Clothing,South,2018-07-17 09:26:29.189189184,2018-07-22 09:26:29.189189184,0,1.0,1,0.7862539792122117,0.11764705882352941,0.6000000000000001,0.18752869287150342
100458,Standard Class,5.0,5,6.0,60.02,11.16,Clothing,West,2017-09-04 17:13:30.810810800,2017-09-09 17:13:30.810810800,0,0.0,0,18.593802065978007,0.11764705882352941,1.0000000000000002,0.028661210403837328
100459,Standard Class,3.0,4,3.0,186.33,-4.97,Sports,East,2016-07-02 01:09:11.351351352,2016-07-05 01:09:11.351351352,0,-1.0,0,-2.667310685343208,0.0588235294117647,0.4000000000000001,0.12863904763412431
100460,Standard Class,5.0,4,4.0,165.09,24.26,Sports,West,2016-08-25 02:55:51.351351352,2016-08-30 02:55:51.351351352,0,1.0,1,14.695014840390092,0.11764705882352941,0.6000000000000001,0.1118270037518403
100461,Standard Class,4.0,4,6.0,208.3,33.17,Clothing,West,2015-04-19 03:33:20.000000000,2015-04-23 03:33:20.000000000,0,0.0,0,15.924147863658186,0.08823529411764705,1.0000000000000002,0.14602890658392564
100462,First Class,5.0,1,3.0,136.39,12.6,Electronic Supplies,South,2015-06-15 03:29:00.540540540,2015-06-20 03:29:00.540540540,0,4.0,1,9.238213945303908,0.11764705882352941,0.4000000000000001,0.08911016479602335
100463,Second Class,2.0,2,2.0,507.93,70.23,Sports,East,2017-05-23 22:53:41.621621616,2017-05-25 22:53:41.621621616,0,0.0,0,13.826708404701435,0.029411764705882353,0.2,0.3831942883376339
100464,First Class,5.0,1,4.0,178.45,15.67,Electronic Supplies,Central,2018-11-05 11:08:49.729729728,2018-11-10 11:08:49.729729728,0,4.0,1,8.781171196413561,0.11764705882352941,0.6000000000000001,0.12240181101489654
100465,Same Day,9.0,0,3.0,190.12,26.47,Electronic Supplies,East,2016-07-23 23:16:45.405405400,2016-08-01 23:16:45.405405400,1,9.0,1,13.922785609088994,0.23529411764705882,0.4000000000000001,0.13163893682027575
100466,Standard Class,2.0,3,3.0,48.15,9.12,Clothing,East,2015-06-01 23:48:28.108108108,2015-06-03 23:48:28.108108108,0,-1.0,0,18.94080996884735,0.029411764705882353,0.4000000000000001,0.019265779100508158
100467,Standard Class,8.0,3,1.0,160.88,7.5,Clothing,South,2015-06-16 14:33:30.810810810,2015-06-24 14:33:30.810810810,0,5.0,1,4.66185977125808,0.20588235294117646,0.0,0.10849467301999398
100468,Second Class,4.0,3,3.0,363.95,59.66,Sports,East,2016-09-01 10:18:22.702702704,2016-09-05 10:18:22.702702704,0,1.0,1,16.392361588130235,0.08823529411764705,0.4000000000000001,0.26923016036346936
100469,Standard Class,6.0,4,1.0,247.43,60.72,Clothing,South,2017-02-06 06:24:51.891891888,2017-02-12 06:24:51.891891888,0,2.0,1,24.540274016893665,0.14705882352941174,0.0,0.17700137725783216
100470,Same Day,6.0,0,5.0,42.47,5.57,Electronic Supplies,East,2016-10-29 21:18:33.513513512,2016-11-04 21:18:33.513513512,0,6.0,1,13.115140098893338,0.14705882352941174,0.8,0.014769902958729753
100471,Standard Class,5.0,3,2.0,128.73,8.98,Sports,South,2016-08-20 17:42:20.540540536,2016-08-25 17:42:20.540540536,0,2.0,1,6.97584090732541,0.11764705882352941,0.2,0.08304706422454051
100472,Same Day,5.0,0,1.0,531.52,154.7,Electronic Supplies,Central,2015-05-15 10:54:24.864864864,2015-05-20 10:54:24.864864864,0,5.0,1,29.10520770620108,0.11764705882352941,0.0,0.40186642182082977
100473,Standard Class,6.0,5,2.0,156.35,18.31,Clothing,South,2018-09-21 03:49:11.351351344,2018-09-27 03:49:11.351351344,0,1.0,1,11.710905020786697,0.14705882352941174,0.2,0.10490905349142775
100474,Second Class,4.0,3,1.0,212.63,27.33,Clothing,South,2015-05-11 01:40:54.054054054,2015-05-15 01:40:54.054054054,0,1.0,1,12.853313267177727,0.08823529411764705,0.0,0.14945622061454192
100475,First Class,4.0,1,3.0,493.91,64.3,Sports,South,2016-05-06 01:13:30.810810808,2016-05-10 01:13:30.810810808,0,3.0,1,13.018566135530762,0.08823529411764705,0.4000000000000001,0.37209707293134286
100476,Same Day,5.0,0,5.0,155.94,22.74,Clothing,Central,2018-12-14 22:10:27.027027024,2018-12-19 22:10:27.027027024,0,5.0,1,14.582531742978066,0.11764705882352941,0.8,0.10458452722063037
100477,Standard Class,6.0,3,4.0,288.35,23.9,Sports,Central,2018-09-08 00:08:38.918918912,2018-09-14 00:08:38.918918912,0,3.0,1,8.288538234784115,0.14705882352941174,0.6000000000000001,0.20939068213839065
100478,First Class,5.0,2,1.0,225.29,28.21,Electronic Supplies,West,2018-09-25 13:02:42.162162160,2018-09-30 13:02:42.162162160,0,3.0,1,12.521638776687826,0.11764705882352941,0.0,0.15947695863477335
100479,Same Day,6.0,0,1.0,258.88,48.2,Clothing,Central,2017-06-03 04:25:13.513513504,2017-06-09 04:25:13.513513504,0,6.0,1,18.61866501854141,0.14705882352941174,0.0,0.18606436701546641
100480,First Class,4.0,2,4.0,220.63,17.68,Sports,Central,2017-05-16 15:31:10.270270272,2017-05-20 15:31:10.270270272,0,2.0,1,8.013416126546707,0.08823529411764705,0.6000000000000001,0.15578844053253968
100481,First Class,6.0,1,5.0,120.79,9.23,Clothing,Central,2017-06-11 22:52:15.135135136,2017-06-17 22:52:15.135135136,0,5.0,1,7.641361039821177,0.14705882352941174,0.8,0.07676233595592775
100482,First Class,2.0,2,2.0,128.89,11.17,Clothing,East,2015-05-18 09:03:25.405405404,2015-05-20 09:03:25.405405404,0,0.0,0,8.666304600822409,0.029411764705882353,0.2,0.08317370862290047
100483,Standard Class,4.0,5,2.0,98.94,2.19,Electronic Supplies,East,2015-01-17 01:49:32.972972973,2015-01-21 01:49:32.972972973,0,-1.0,0,2.213462704669497,0.08823529411764705,0.2,0.059467460304896386
100484,First Class,1.0,2,2.0,59.39,3.29,Electronic Supplies,Central,2016-08-01 17:43:47.027027024,2016-08-02 17:43:47.027027024,0,-1.0,0,5.539653140259302,0.0,0.2,0.028162548085295
100485,First Class,4.0,1,5.0,387.2,20.18,Clothing,Central,2017-02-17 23:00:54.054054048,2017-02-21 23:00:54.054054048,0,3.0,1,5.211776859504132,0.08823529411764705,0.8,0.28763317450015036
100486,Second Class,4.0,2,3.0,173.57,19.09,Electronic Supplies,East,2015-03-04 20:13:41.621621621,2015-03-08 20:13:41.621621621,0,2.0,1,10.998444431641413,0.08823529411764705,0.4000000000000001,0.11853915686491791
100487,Standard Class,4.0,5,1.0,374.73,66.29,Sports,West,2015-03-03 09:09:11.351351351,2015-03-07 09:09:11.351351351,0,-1.0,0,17.690070183865718,0.08823529411764705,0.0,0.27776282670297137
100488,Standard Class,5.0,4,1.0,476.99,107.94,Clothing,Central,2016-04-25 19:41:58.918918920,2016-04-30 19:41:58.918918920,0,1.0,1,22.629405228621145,0.11764705882352941,0.0,0.3587044278047776
100489,Same Day,4.0,0,5.0,178.52,20.45,Clothing,East,2015-09-02 01:32:15.135135136,2015-09-06 01:32:15.135135136,0,4.0,1,11.45529912614833,0.08823529411764705,0.8,0.12245721793917903
100490,Second Class,4.0,2,1.0,73.42,10.76,Electronic Supplies,South,2016-12-27 08:18:44.324324320,2016-12-31 08:18:44.324324320,0,2.0,1,14.655407245982023,0.08823529411764705,0.0,0.03926767876648356
100491,Standard Class,3.0,5,2.0,151.79,19.65,Clothing,South,2018-07-04 05:45:56.756756752,2018-07-07 05:45:56.756756752,0,-2.0,0,12.945516832465906,0.0588235294117647,0.2,0.10129968813816903
100492,First Class,4.0,1,2.0,111.47,-6.41,Sports,South,2017-05-22 11:49:11.351351344,2017-05-26 11:49:11.351351344,0,3.0,1,-5.750426123620706,0.08823529411764705,0.2,0.06938529975146036
100493,Standard Class,3.0,5,1.0,47.6,0.86,Sports,South,2018-01-09 20:45:24.324324320,2018-01-12 20:45:24.324324320,0,-2.0,0,1.80672268907563,0.0588235294117647,0.0,0.01883043898114582
100494,Standard Class,2.0,4,1.0,124.45,21.27,Sports,East,2015-05-27 03:30:27.027027026,2015-05-29 03:30:27.027027026,0,-2.0,0,17.09120128565689,0.029411764705882353,0.0,0.07965932656841172
100495,Standard Class,5.0,4,4.0,164.6,29.41,Clothing,West,2016-09-14 13:58:55.135135136,2016-09-19 13:58:55.135135136,0,1.0,1,17.867557715674362,0.11764705882352941,0.6000000000000001,0.11143915528186292
100496,Standard Class,5.0,3,5.0,113.5,20.07,Clothing,East,2015-09-18 03:21:48.108108108,2015-09-23 03:21:48.108108108,0,2.0,1,17.68281938325991,0.11764705882352941,0.8,0.07099210055565229
100497,First Class,5.0,1,4.0,104.43,10.0,Clothing,West,2016-10-10 21:20:00.000000000,2016-10-15 21:20:00.000000000,0,4.0,1,9.575792396820837,0.11764705882352941,0.6000000000000001,0.06381294622362235
100498,Standard Class,4.0,5,5.0,75.16,-3.73,Sports,East,2016-08-30 23:13:52.432432432,2016-09-03 23:13:52.432432432,0,-1.0,0,-4.962746141564662,0.08823529411764705,0.8,0.04064493659864807
100499,Same Day,4.0,0,2.0,195.85,5.43,Sports,West,2018-06-25 11:18:55.135135136,2018-06-29 11:18:55.135135136,0,4.0,1,2.7725299974470254,0.08823529411764705,0.2,0.13617438933654163
100500,Same Day,6.0,0,4.0,581.16,23.22,Sports,East,2018-07-13 00:12:58.378378368,2018-07-19 00:12:58.378378368,0,6.0,1,3.995457361139789,0.14705882352941174,0.6000000000000001,0.44115784641200584
100501,First Class,4.0,1,2.0,170.515,63.46,Sports,Central,2017-09-20 19:03:03.783783776,2017-09-24 19:03:03.783783776,0,3.0,1,37.216667155382225,0.08823529411764705,0.2,0.11612104038373251
100502,First Class,4.0,1,3.0,263.71,21.47,Clothing,West,2015-09-16 16:17:17.837837836,2015-09-20 16:17:17.837837836,0,3.0,1,8.141519092943007,0.08823529411764705,0.4000000000000001,0.18988744479095754
100503,Standard Class,1.0,3,6.0,267.47,65.59,Electronic Supplies,Central,2016-07-31 06:39:16.756756752,2016-08-01 06:39:16.756756752,0,-2.0,0,24.52237634127192,0.0,1.0000000000000002,0.19286358815241653
100504,Second Class,4.0,2,1.0,158.19,35.97,Sports,Central,2018-08-24 09:23:36.216216208,2018-08-28 09:23:36.216216208,0,2.0,1,22.73847904418737,0.08823529411764705,0.0,0.10636546407256724
100505,First Class,4.0,2,2.0,53.36,13.01,Clothing,Central,2018-03-04 22:32:04.324324320,2018-03-08 22:32:04.324324320,0,2.0,1,24.381559220389807,0.08823529411764705,0.2,0.0233896373221042
100506,Standard Class,4.0,3,2.0,135.62,4.97,Clothing,East,2018-11-04 00:04:19.459459456,2018-11-08 00:04:19.459459456,0,1.0,1,3.664651231381802,0.08823529411764705,0.2,0.08850068862891608
100507,Second Class,5.0,2,1.0,91.83,13.71,Electronic Supplies,Central,2017-09-26 15:21:04.864864864,2017-10-01 15:21:04.864864864,0,3.0,1,14.929761515844497,0.11764705882352941,0.0,0.05383969985277588
100508,Second Class,4.0,2,1.0,190.67,13.69,Electronic Supplies,South,2016-07-13 17:45:13.513513512,2016-07-17 17:45:13.513513512,0,2.0,1,7.179944406566319,0.08823529411764705,0.0,0.13207427693963808
100509,Second Class,5.0,3,4.0,384.36,52.36,Clothing,East,2018-10-29 03:46:18.378378368,2018-11-03 03:46:18.378378368,0,2.0,1,13.622645436569883,0.11764705882352941,0.6000000000000001,0.28538523642926117
100510,Second Class,5.0,3,6.0,621.86,28.33,Sports,East,2018-01-02 13:22:52.972972976,2018-01-07 13:22:52.972972976,0,2.0,1,4.555687775383527,0.11764705882352941,1.0000000000000002,0.4733730152448194
100511,First Class,6.0,1,2.0,179.83,37.42,Clothing,East,2016-01-11 14:17:39.459459460,2016-01-17 14:17:39.459459460,0,5.0,1,20.80854140021131,0.14705882352941174,0.2,0.12349411895075117
100512,Standard Class,5.0,5,1.0,58.34,2.74,Clothing,West,2017-02-25 06:23:25.405405400,2017-03-02 06:23:25.405405400,0,0.0,0,4.696606102159754,0.11764705882352941,0.0,0.027331444221057797
100513,Second Class,7.0,3,1.0,179.6,-8.22,Sports,West,2016-05-04 14:09:00.540540536,2016-05-11 14:09:00.540540536,0,4.0,1,-4.5768374164810695,0.1764705882352941,0.0,0.12331206762810872
100514,Second Class,1.0,2,5.0,182.8,49.85,Sports,West,2015-01-22 22:07:34.054054054,2015-01-23 22:07:34.054054054,0,-1.0,0,27.270240700218817,0.0,0.8,0.1258449555953078
100515,Standard Class,3.0,3,2.0,268.07,38.98,Sports,West,2016-04-18 12:19:27.567567568,2016-04-21 12:19:27.567567568,0,0.0,0,14.540978102734359,0.0588235294117647,0.2,0.19333850464626634
100516,Standard Class,1.0,5,2.0,170.29,4.17,Clothing,South,2018-01-12 18:54:24.864864864,2018-01-13 18:54:24.864864864,0,-4.0,0,2.448763873392448,0.0,0.2,0.11594294669853884
100517,Standard Class,5.0,5,2.0,180.05,17.47,Clothing,South,2015-11-21 10:40:00.000000000,2015-11-26 10:40:00.000000000,0,0.0,0,9.702860316578727,0.11764705882352941,0.2,0.12366825499849611
100518,Second Class,6.0,3,2.0,114.34,7.3,Clothing,West,2015-09-19 14:26:18.378378376,2015-09-25 14:26:18.378378376,0,3.0,1,6.384467377995453,0.14705882352941174,0.2,0.07165698364704207
100519,Same Day,3.0,0,2.0,140.79,15.55,Clothing,Central,2018-12-07 14:47:55.675675664,2018-12-10 14:47:55.675675664,0,3.0,1,11.0448185240429,0.0588235294117647,0.2,0.09259288575092212
100520,Standard Class,7.0,4,4.0,240.71,41.94,Clothing,West,2015-02-02 03:39:05.945945946,2015-02-09 03:39:05.945945946,0,3.0,1,17.423455610485643,0.1764705882352941,0.6000000000000001,0.17168231252671404
100521,First Class,2.0,1,3.0,46.73,7.55,Clothing,East,2016-06-04 06:43:36.216216216,2016-06-06 06:43:36.216216216,0,1.0,1,16.156644553819817,0.029411764705882353,0.4000000000000001,0.018141810065063557
100522,Standard Class,7.0,4,3.0,140.3,18.28,Clothing,West,2017-08-31 08:00:00.000000000,2017-09-07 08:00:00.000000000,0,3.0,1,13.029223093371348,0.1764705882352941,0.4000000000000001,0.09220503728094477
100523,Same Day,4.0,0,2.0,269.65,29.77,Clothing,South,2018-06-12 07:38:22.702702704,2018-06-16 07:38:22.702702704,0,4.0,1,11.040237344706101,0.08823529411764705,0.2,0.19458911808007087
100524,Second Class,2.0,3,3.0,500.93,98.33,Sports,West,2016-05-11 21:31:31.891891888,2016-05-13 21:31:31.891891888,0,-1.0,0,19.629489150180664,0.029411764705882353,0.4000000000000001,0.3776535959093859
100525,Second Class,4.0,3,3.0,133.1,-5.86,Clothing,South,2016-09-21 21:21:26.486486488,2016-09-25 21:21:26.486486488,0,1.0,1,-4.4027047332832465,0.08823529411764705,0.4000000000000001,0.08650603935474678
100526,Standard Class,3.0,5,1.0,372.59,18.66,Clothing,Central,2017-03-16 06:21:58.918918920,2017-03-19 06:21:58.918918920,0,-2.0,0,5.008185941651682,0.0588235294117647,0.0,0.27606895787490693
100527,Standard Class,3.0,3,3.0,517.24,16.4,Sports,Central,2018-05-02 09:32:15.135135136,2018-05-05 09:32:15.135135136,0,0.0,0,3.1706751218003246,0.0588235294117647,0.4000000000000001,0.39056340926720384
100528,Standard Class,3.0,4,1.0,134.22,25.57,Clothing,Central,2015-10-24 16:14:24.864864864,2015-10-27 16:14:24.864864864,0,-1.0,0,19.05081209953807,0.0588235294117647,0.0,0.08739255014326647
100529,Standard Class,6.0,4,4.0,119.96,6.1,Sports,South,2017-07-09 17:17:50.270270272,2017-07-15 17:17:50.270270272,0,2.0,1,5.085028342780927,0.14705882352941174,0.6000000000000001,0.07610536813943548
100530,Second Class,4.0,2,2.0,153.19,1.09,Clothing,South,2015-05-16 21:58:55.135135134,2015-05-20 21:58:55.135135134,0,2.0,1,0.7115346954762061,0.08823529411764705,0.2,0.10240782662381864
100531,Second Class,4.0,3,6.0,163.49,25.17,Clothing,West,2017-03-26 11:53:30.810810808,2017-03-30 11:53:30.810810808,0,1.0,1,15.395437029787754,0.08823529411764705,1.0000000000000002,0.11056055976824077
100532,Same Day,5.0,0,1.0,350.39,13.07,Clothing,West,2015-04-10 09:06:18.378378378,2015-04-15 09:06:18.378378378,0,5.0,1,3.7301292845115444,0.11764705882352941,0.0,0.25849704760246317
100533,Same Day,5.0,0,4.0,104.28,8.54,Clothing,West,2017-06-28 00:41:48.108108112,2017-07-03 00:41:48.108108112,0,5.0,1,8.189489835059454,0.11764705882352941,0.6000000000000001,0.06369421710015989
100534,First Class,3.0,1,3.0,468.6,140.81,Sports,South,2016-02-20 01:19:16.756756756,2016-02-23 01:19:16.756756756,0,2.0,1,30.04908237302603,0.0588235294117647,0.4000000000000001,0.3520635121657775
100535,Second Class,4.0,2,3.0,102.46,17.72,Electronic Supplies,South,2018-05-18 11:21:48.108108112,2018-05-22 11:21:48.108108112,0,2.0,1,17.294553972281864,0.08823529411764705,0.4000000000000001,0.0622536370688154
100536,Second Class,2.0,3,2.0,75.8,7.06,Clothing,West,2016-09-26 06:34:57.297297296,2016-09-28 06:34:57.297297296,0,-1.0,0,9.313984168865435,0.029411764705882353,0.2,0.04115151419208789
100537,Second Class,3.0,2,2.0,242.37,24.31,Clothing,West,2015-08-12 14:29:11.351351352,2015-08-15 14:29:11.351351352,0,1.0,1,10.030119239179767,0.0588235294117647,0.2,0.17299624815969858
100538,Standard Class,5.0,5,4.0,383.7,70.06,Sports,Central,2015-04-20 14:37:50.270270270,2015-04-25 14:37:50.270270270,0,0.0,0,18.259056554599947,0.11764705882352941,0.6000000000000001,0.2848628282860263
100539,Standard Class,3.0,4,1.0,193.66,31.57,Clothing,West,2017-12-02 20:48:17.297297296,2017-12-05 20:48:17.297297296,0,-1.0,0,16.301765981617265,0.0588235294117647,0.0,0.13444094413398974
100540,Standard Class,4.0,5,1.0,228.79,26.55,Electronic Supplies,East,2016-10-13 19:29:00.540540536,2016-10-17 19:29:00.540540536,0,-1.0,0,11.604528169937497,0.08823529411764705,0.0,0.16224730484889738
100541,Same Day,5.0,0,2.0,614.18,72.65,Clothing,Central,2015-10-02 18:06:50.810810808,2015-10-07 18:06:50.810810808,0,5.0,1,11.828779836530009,0.11764705882352941,0.2,0.4672940841235415
100542,First Class,2.0,2,2.0,387.23,-3.25,Electronic Supplies,South,2016-02-01 01:20:43.243243240,2016-02-03 01:20:43.243243240,0,0.0,0,-0.8392944761511246,0.029411764705882353,0.2,0.28765692032484286
100543,Standard Class,5.0,5,1.0,175.93,-4.43,Clothing,East,2015-12-11 21:43:03.783783784,2015-12-16 21:43:03.783783784,0,0.0,0,-2.5180469504916725,0.11764705882352941,0.0,0.12040716174072726
100544,First Class,3.0,2,1.0,130.29,12.49,Clothing,South,2016-12-12 17:33:41.621621616,2016-12-15 17:33:41.621621616,0,1.0,1,9.586307467956098,0.0588235294117647,0.0,0.08428184710855008
100545,First Class,8.0,1,1.0,351.35,20.85,Electronic Supplies,Central,2015-06-20 23:47:01.621621622,2015-06-28 23:47:01.621621622,0,7.0,1,5.934253593283051,0.20588235294117646,0.0,0.25925691399262296
100546,Standard Class,4.0,4,4.0,295.61,46.38,Sports,East,2018-10-10 03:47:44.864864864,2018-10-14 03:47:44.864864864,0,0.0,0,15.689591015188931,0.08823529411764705,0.6000000000000001,0.21513717171397362
100547,Standard Class,6.0,4,3.0,226.35,28.47,Clothing,East,2017-01-18 06:26:18.378378376,2017-01-24 06:26:18.378378376,0,2.0,1,12.577866136514249,0.14705882352941174,0.4000000000000001,0.16031597777390807
100548,First Class,4.0,2,4.0,139.41,6.72,Sports,Central,2018-04-20 16:56:12.972972976,2018-04-24 16:56:12.972972976,0,2.0,1,4.820314181192167,0.08823529411764705,0.6000000000000001,0.09150057781506751
100549,First Class,2.0,2,6.0,164.08,20.19,Sports,East,2017-05-13 17:22:09.729729728,2017-05-15 17:22:09.729729728,0,0.0,0,12.304973183812775,0.029411764705882353,1.0000000000000002,0.11102756098719309
100550,Second Class,5.0,3,2.0,156.67,11.99,Clothing,Central,2015-07-04 03:27:34.054054054,2015-07-09 03:27:34.054054054,0,2.0,1,7.653028658964704,0.11764705882352941,0.2,0.10516234228814765
100551,First Class,7.0,2,1.0,140.93,38.8,Sports,Central,2015-06-19 12:42:31.351351350,2015-06-26 12:42:31.351351350,0,5.0,1,27.5313985666643,0.1764705882352941,0.0,0.0927036995994871
100552,Second Class,5.0,2,1.0,116.66,16.44,Clothing,Central,2016-11-22 06:30:37.837837832,2016-11-27 06:30:37.837837832,0,3.0,1,14.092233841933826,0.11764705882352941,0.0,0.07349332742326141
100553,First Class,6.0,1,1.0,204.87,-3.04,Electronic Supplies,Central,2017-10-09 19:01:37.297297296,2017-10-15 19:01:37.297297296,0,5.0,1,-1.4838678186166838,0.14705882352941174,0.0,0.1433139672940841
100554,First Class,6.0,1,5.0,113.28,28.96,Electronic Supplies,West,2015-03-25 07:16:45.405405405,2015-03-31 07:16:45.405405405,0,5.0,1,25.56497175141243,0.14705882352941174,0.8,0.07081796450790737
100555,Second Class,3.0,3,2.0,193.5,11.48,Clothing,Central,2018-06-15 05:47:23.243243232,2018-06-18 05:47:23.243243232,0,0.0,0,5.9328165374677,0.0588235294117647,0.2,0.1343142997356298
100556,Standard Class,3.0,5,1.0,44.04,1.41,Clothing,West,2018-08-25 20:28:06.486486480,2018-08-28 20:28:06.486486480,0,-2.0,0,3.2016348773841963,0.0588235294117647,0.0,0.016012601117636815
100557,Standard Class,5.0,4,2.0,116.76,32.87,Clothing,West,2016-06-23 06:42:09.729729728,2016-06-28 06:42:09.729729728,0,1.0,1,28.151764302843436,0.11764705882352941,0.2,0.07357248017223639
100558,Standard Class,4.0,4,3.0,352.1,48.47,Clothing,East,2016-01-27 16:07:12.432432432,2016-01-31 16:07:12.432432432,0,0.0,0,13.765975575120704,0.08823529411764705,0.4000000000000001,0.25985055960993525
100559,Second Class,6.0,3,3.0,96.04,15.95,Electronic Supplies,South,2015-03-09 05:27:12.432432432,2015-03-15 05:27:12.432432432,0,3.0,1,16.607663473552684,0.14705882352941174,0.4000000000000001,0.05717203058462221
100560,First Class,7.0,2,1.0,253.37,42.73,Clothing,West,2016-05-25 01:12:04.324324320,2016-06-01 01:12:04.324324320,0,5.0,1,16.864664324900343,0.1764705882352941,0.0,0.18170305054694547
100561,Second Class,4.0,2,6.0,101.37,9.48,Clothing,West,2015-10-12 23:38:22.702702700,2015-10-16 23:38:22.702702700,0,2.0,1,9.351879254217224,0.08823529411764705,1.0000000000000002,0.06139087210498821
100562,Standard Class,3.0,3,2.0,285.51,18.33,Electronic Supplies,Central,2018-12-31 00:00:00.000000000,2019-01-03 00:00:00.000000000,0,0.0,0,6.420090364610696,0.0588235294117647,0.2,0.20714274406750144
100563,Standard Class,6.0,5,1.0,142.15,10.98,Electronic Supplies,West,2018-05-03 20:36:45.405405408,2018-05-09 20:36:45.405405408,0,1.0,1,7.7242349630671825,0.14705882352941174,0.0,0.09366936313698175
100564,Standard Class,3.0,5,5.0,138.54,33.07,Clothing,South,2017-12-11 15:15:18.918918912,2017-12-14 15:15:18.918918912,0,-2.0,0,23.870362350223765,0.0588235294117647,0.8,0.09081194889898525
100565,Standard Class,6.0,4,1.0,178.63,22.56,Sports,East,2016-01-20 08:44:41.081081080,2016-01-26 08:44:41.081081080,0,2.0,1,12.62945753792756,0.14705882352941174,0.0,0.12254428596305149
100566,First Class,4.0,2,5.0,72.01,15.48,Sports,Central,2016-10-09 10:15:29.729729728,2016-10-13 10:15:29.729729728,0,2.0,1,21.49701430356895,0.08823529411764705,0.8,0.038151625005936454
100567,Standard Class,5.0,4,6.0,324.36,33.7,Electronic Supplies,East,2017-09-13 11:40:32.432432432,2017-09-18 11:40:32.432432432,0,1.0,1,10.389690467381921,0.11764705882352941,1.0000000000000002,0.23789358704427804
100568,Standard Class,2.0,3,3.0,402.31,19.94,Sports,West,2016-03-20 06:49:22.162162160,2016-03-22 06:49:22.162162160,0,-1.0,0,4.956376923268127,0.029411764705882353,0.4000000000000001,0.2995931548702686
100569,Second Class,5.0,2,4.0,136.45,-0.73,Sports,East,2016-05-13 08:36:02.162162160,2016-05-18 08:36:02.162162160,0,3.0,1,-0.5349945034811286,0.11764705882352941,0.6000000000000001,0.08915765644540834
100570,Standard Class,4.0,4,2.0,242.43,39.23,Clothing,West,2018-11-12 18:31:21.081081072,2018-11-16 18:31:21.081081072,0,0.0,0,16.1819906777214,0.08823529411764705,0.2,0.17304373980908355
100571,First Class,5.0,2,5.0,286.09,70.24,Clothing,Central,2015-08-06 18:11:10.270270268,2015-08-11 18:11:10.270270268,0,3.0,1,24.5517144954385,0.11764705882352941,0.8,0.20760183001155627
100572,Second Class,3.0,3,2.0,162.5,6.36,Sports,South,2015-07-01 05:18:33.513513512,2015-07-04 05:18:33.513513512,0,0.0,0,3.913846153846154,0.0588235294117647,0.2,0.10977694755338853
100573,Standard Class,5.0,4,3.0,83.9,12.67,Electronic Supplies,Central,2018-02-22 17:00:32.432432432,2018-02-27 17:00:32.432432432,0,1.0,1,15.101311084624552,0.11764705882352941,0.4000000000000001,0.04756288685906063
100574,First Class,6.0,1,5.0,485.97,-0.02,Electronic Supplies,Central,2015-03-15 01:45:13.513513513,2015-03-21 01:45:13.513513513,0,5.0,1,-0.004115480379447291,0.14705882352941174,0.8,0.3658123446627301
100575,Second Class,3.0,3,6.0,133.6,8.76,Electronic Supplies,West,2016-05-30 21:30:05.405405400,2016-06-02 21:30:05.405405400,0,0.0,0,6.55688622754491,0.0588235294117647,1.0000000000000002,0.08690180309962164
100576,Second Class,2.0,3,4.0,116.05,15.25,Sports,Central,2018-09-16 18:35:40.540540544,2018-09-18 18:35:40.540540544,0,-1.0,0,13.140887548470486,0.029411764705882353,0.6000000000000001,0.07301049565451408
100577,Standard Class,1.0,5,2.0,500.3,-14.14,Sports,Central,2015-07-27 12:39:38.378378378,2015-07-28 12:39:38.378378378,0,-4.0,0,-2.8263042174695183,0.0,0.2,0.37715493359084357
100578,Second Class,5.0,3,6.0,256.35,27.83,Electronic Supplies,Central,2016-11-17 21:17:07.027027024,2016-11-22 21:17:07.027027024,0,2.0,1,10.856251219036473,0.11764705882352941,1.0000000000000002,0.18406180246639967
100579,Standard Class,5.0,4,3.0,203.84,8.78,Sports,East,2016-08-06 02:57:17.837837832,2016-08-11 02:57:17.837837832,0,1.0,1,4.307299843014128,0.11764705882352941,0.4000000000000001,0.1424986939796419
100580,Standard Class,4.0,5,5.0,91.74,14.53,Clothing,South,2017-07-02 09:55:18.918918912,2017-07-06 09:55:18.918918912,0,-1.0,0,15.838238500109004,0.08823529411764705,0.8,0.05376846237869841
100581,Standard Class,3.0,3,3.0,290.56,28.12,Clothing,South,2016-04-12 16:01:26.486486488,2016-04-15 16:01:26.486486488,0,0.0,0,9.677863436123348,0.0588235294117647,0.4000000000000001,0.21113995789073753
100582,Same Day,4.0,0,2.0,1133.13,209.8,Electronic Supplies,East,2015-01-28 18:25:35.135135135,2015-02-01 18:25:35.135135135,0,4.0,1,18.515086530230423,0.08823529411764705,0.2,0.8780572749291583
100583,Standard Class,5.0,5,2.0,305.62,26.78,Clothing,Central,2018-03-28 07:44:08.648648640,2018-04-02 07:44:08.648648640,0,0.0,0,8.762515542176558,0.11764705882352941,0.2,0.2230603618863683
100584,Standard Class,4.0,5,2.0,238.04,0.24,Electronic Supplies,East,2018-02-28 13:18:33.513513504,2018-03-04 13:18:33.513513504,0,-1.0,0,0.10082339102671821,0.08823529411764705,0.2,0.16956893412908228
100585,First Class,8.0,2,4.0,275.53,-2.47,Clothing,West,2018-03-26 20:39:38.378378368,2018-04-03 20:39:38.378378368,0,6.0,1,-0.8964541066308571,0.20588235294117646,0.6000000000000001,0.19924329971979923
100586,Standard Class,3.0,4,2.0,139.31,-5.95,Sports,East,2016-08-17 19:33:20.000000000,2016-08-20 19:33:20.000000000,0,-1.0,0,-4.271050175866772,0.0588235294117647,0.2,0.09142142506609255
100587,Standard Class,5.0,4,3.0,138.45,22.24,Sports,Central,2017-02-23 19:18:55.135135136,2017-02-28 19:18:55.135135136,0,1.0,1,16.063560852293246,0.11764705882352941,0.4000000000000001,0.09074071142490778
100588,Standard Class,4.0,3,2.0,137.31,43.2,Sports,Central,2017-06-25 02:32:47.567567568,2017-06-29 02:32:47.567567568,0,1.0,1,31.461656106620055,0.08823529411764705,0.2,0.08983837008659311
100589,Standard Class,4.0,3,4.0,118.66,17.18,Clothing,West,2015-02-25 12:51:10.270270270,2015-03-01 12:51:10.270270270,0,1.0,1,14.47834147985842,0.08823529411764705,0.6000000000000001,0.07507638240276085
100590,Standard Class,5.0,3,2.0,137.13,33.43,Electronic Supplies,East,2015-09-13 18:08:17.297297296,2015-09-18 18:08:17.297297296,0,2.0,1,24.37832713483556,0.11764705882352941,0.2,0.08969589513843815
100591,Standard Class,5.0,3,1.0,136.71,27.44,Sports,South,2015-12-25 01:23:36.216216216,2015-12-30 01:23:36.216216216,0,2.0,1,20.07168458781362,0.11764705882352941,0.0,0.08936345359274328
100592,First Class,9.0,1,1.0,147.08,10.08,Clothing,East,2018-04-25 02:09:43.783783776,2018-05-04 02:09:43.783783776,1,8.0,1,6.853413108512374,0.23529411764705882,0.0,0.09757159366144787
100593,Standard Class,2.0,4,1.0,144.42,30.51,Sports,Central,2017-09-01 19:04:30.270270272,2017-09-03 19:04:30.270270272,0,-2.0,0,21.125882841711675,0.029411764705882353,0.0,0.0954661305387136
100594,Standard Class,2.0,4,2.0,201.94,14.48,Clothing,East,2018-01-06 22:36:23.783783776,2018-01-08 22:36:23.783783776,0,-2.0,0,7.17044666732693,0.029411764705882353,0.2,0.14099479174911742
100595,Second Class,5.0,3,1.0,181.49,13.3,Clothing,East,2018-06-07 22:24:51.891891888,2018-06-12 22:24:51.891891888,0,2.0,1,7.32822745054824,0.11764705882352941,0.0,0.12480805458373569
100596,Standard Class,5.0,3,1.0,192.25,17.94,Clothing,Central,2015-08-14 01:33:41.621621620,2015-08-19 01:33:41.621621620,0,2.0,1,9.331599479843954,0.11764705882352941,0.0,0.13332489037344264
100597,First Class,3.0,2,5.0,463.82,45.04,Electronic Supplies,Central,2016-02-24 10:32:47.567567568,2016-02-27 10:32:47.567567568,0,1.0,1,9.710663619507567,0.0588235294117647,0.8,0.34828001076477383
100598,Standard Class,2.0,5,4.0,181.25,29.53,Clothing,Central,2017-05-29 19:11:42.702702704,2017-05-31 19:11:42.702702704,0,-3.0,0,16.29241379310345,0.029411764705882353,0.6000000000000001,0.12461808798619577
100599,Standard Class,2.0,3,2.0,725.66,40.88,Sports,Central,2017-04-11 13:43:03.783783784,2017-04-13 13:43:03.783783784,0,-1.0,0,5.633492269106745,0.029411764705882353,0.2,0.5555335686808403
100600,Standard Class,6.0,4,6.0,216.86,39.28,Clothing,East,2017-12-21 20:46:50.810810800,2017-12-27 20:46:50.810810800,0,2.0,1,18.113068339020565,0.14705882352941174,1.0000000000000002,0.15280438189618326
100601,Standard Class,3.0,4,1.0,128.93,23.2,Clothing,South,2015-01-25 20:16:34.594594594,2015-01-28 20:16:34.594594594,0,-1.0,0,17.99426045140774,0.0588235294117647,0.0,0.08320536972249047
100602,Standard Class,4.0,4,2.0,414.56,56.98,Electronic Supplies,East,2015-07-05 14:32:04.324324324,2015-07-09 14:32:04.324324324,0,0.0,0,13.74469316866075,0.08823529411764705,0.2,0.3092893666197027
100603,Standard Class,3.0,3,3.0,163.74,43.42,Sports,West,2016-04-15 14:10:27.027027024,2016-04-18 14:10:27.027027024,0,0.0,0,26.517649932820326,0.0588235294117647,0.4000000000000001,0.11075844164067818
100604,Standard Class,4.0,4,2.0,36.38,7.75,Electronic Supplies,East,2016-01-08 16:08:38.918918916,2016-01-12 16:08:38.918918916,0,0.0,0,21.302913688840018,0.08823529411764705,0.2,0.00994950054615397
100605,Standard Class,2.0,5,2.0,171.98,33.64,Clothing,East,2017-08-18 04:19:27.567567568,2017-08-20 04:19:27.567567568,0,-3.0,0,19.5604140016281,0.029411764705882353,0.2,0.11728062815621586
100606,Standard Class,4.0,5,2.0,146.65,16.91,Clothing,Central,2018-11-09 20:22:20.540540544,2018-11-13 20:22:20.540540544,0,-1.0,0,11.530855779065803,0.08823529411764705,0.2,0.09723123684085548
100607,Standard Class,2.0,3,2.0,489.93,67.68,Electronic Supplies,East,2015-10-05 16:15:51.351351352,2015-10-07 16:15:51.351351352,0,-1.0,0,13.814218357724576,0.029411764705882353,0.2,0.368946793522139
100608,Standard Class,6.0,5,3.0,96.21,14.61,Sports,East,2015-06-18 01:38:01.081081080,2015-06-24 01:38:01.081081080,0,1.0,1,15.185531649516681,0.14705882352941174,0.4000000000000001,0.05730659025787965
100609,First Class,3.0,2,1.0,138.9,15.43,Clothing,Central,2017-06-19 06:14:46.486486480,2017-06-22 06:14:46.486486480,0,1.0,1,11.10871130309575,0.0588235294117647,0.0,0.09109689879529516
100610,First Class,4.0,1,1.0,393.06,31.43,Clothing,West,2017-06-04 15:29:43.783783776,2017-06-08 15:29:43.783783776,0,3.0,1,7.9962346715514165,0.08823529411764705,0.0,0.29227152559008374
100611,Standard Class,6.0,4,1.0,222.82,-18.37,Electronic Supplies,East,2015-09-21 01:30:48.648648648,2015-09-27 01:30:48.648648648,0,2.0,1,-8.24432277174401,0.14705882352941174,0.0,0.15752188573509154
100612,Second Class,5.0,3,1.0,154.25,25.82,Clothing,East,2016-03-15 21:35:51.351351352,2016-03-20 21:35:51.351351352,0,2.0,1,16.739059967585092,0.11764705882352941,0.0,0.10324684576295334
100613,First Class,4.0,1,2.0,105.45,20.39,Sports,Central,2018-01-14 05:58:55.135135136,2018-01-18 05:58:55.135135136,0,3.0,1,19.336178283546705,0.08823529411764705,0.2,0.06462030426316706
100614,Standard Class,4.0,3,1.0,216.73,3.71,Clothing,West,2017-11-06 13:27:12.432432432,2017-11-10 13:27:12.432432432,0,1.0,1,1.711807317860933,0.08823529411764705,0.0,0.15270148332251576
100615,Second Class,4.0,2,4.0,169.18,26.8,Clothing,West,2017-11-22 15:16:45.405405408,2017-11-26 15:16:45.405405408,0,2.0,1,15.84111597115498,0.08823529411764705,0.6000000000000001,0.11506435118491666
100616,Second Class,5.0,3,1.0,104.68,6.56,Electronic Supplies,Central,2017-09-28 02:25:35.135135136,2017-10-03 02:25:35.135135136,0,2.0,1,6.26671761559037,0.11764705882352941,0.0,0.06401082809605978
100617,Standard Class,9.0,4,1.0,108.28,8.74,Clothing,Central,2018-12-01 18:29:54.594594592,2018-12-10 18:29:54.594594592,1,5.0,1,8.071666050978944,0.23529411764705882,0.0,0.06686032705915876
100618,Standard Class,5.0,5,3.0,101.55,21.82,Clothing,East,2017-01-25 13:48:49.729729728,2017-01-30 13:48:49.729729728,0,0.0,0,21.486952240275727,0.11764705882352941,0.4000000000000001,0.06153334705314316
100619,Second Class,4.0,3,1.0,90.45,2.78,Electronic Supplies,Central,2018-12-09 01:52:25.945945936,2018-12-13 01:52:25.945945936,0,1.0,1,3.073521282476506,0.08823529411764705,0.0,0.05274739191692128
100620,Second Class,5.0,3,3.0,316.44,9.69,Clothing,West,2015-03-07 18:22:42.162162162,2015-03-12 18:22:42.162162162,0,2.0,1,3.062191884717482,0.11764705882352941,0.4000000000000001,0.23162468932546026
100621,Standard Class,4.0,5,3.0,289.92,73.75,Clothing,West,2018-08-21 11:14:35.675675664,2018-08-25 11:14:35.675675664,0,-1.0,0,25.438051876379692,0.08823529411764705,0.4000000000000001,0.21063338029729772
100622,Standard Class,2.0,5,1.0,316.77,31.16,Sports,Central,2015-08-18 10:47:12.432432432,2015-08-20 10:47:12.432432432,0,-3.0,0,9.836790100072609,0.029411764705882353,0.0,0.23188589339707766
100623,Standard Class,5.0,3,1.0,172.94,36.27,Clothing,Central,2018-05-28 16:53:20.000000000,2018-06-02 16:53:20.000000000,0,2.0,1,20.972591650283338,0.11764705882352941,0.0,0.1180404945463756
100624,Standard Class,7.0,4,2.0,147.27,-2.64,Clothing,West,2015-09-07 21:50:16.216216216,2015-09-14 21:50:16.216216216,0,3.0,1,-1.7926257893664699,0.1764705882352941,0.2,0.09772198388450032
100625,First Class,3.0,1,1.0,149.03,-1.71,Clothing,Central,2015-01-24 09:12:04.324324324,2015-01-27 09:12:04.324324324,0,2.0,1,-1.1474199825538483,0.0588235294117647,0.0,0.09911507226645981
100626,Standard Class,5.0,3,1.0,334.86,12.38,Sports,Central,2017-01-16 19:21:48.108108104,2017-01-21 19:21:48.108108104,0,2.0,1,3.697067431165263,0.11764705882352941,0.0,0.24620462568665008
100627,Standard Class,3.0,5,1.0,52.82,3.78,Sports,West,2015-03-12 03:36:12.972972973,2015-03-15 03:36:12.972972973,0,-2.0,0,7.15638015903067,0.0588235294117647,0.0,0.02296221247763935
100628,Second Class,4.0,3,1.0,123.42,-0.28,Sports,East,2018-11-20 01:53:52.432432432,2018-11-24 01:53:52.432432432,0,1.0,1,-0.22686760654675092,0.08823529411764705,0.0,0.07884405325396951
100629,Standard Class,2.0,5,2.0,96.86,13.52,Clothing,East,2018-10-05 18:34:14.054054048,2018-10-07 18:34:14.054054048,0,-3.0,0,13.958290315919882,0.029411764705882353,0.2,0.05782108312621698
100630,Standard Class,4.0,5,3.0,417.35,60.42,Sports,Central,2017-01-22 15:39:49.189189184,2017-01-26 15:39:49.189189184,0,-1.0,0,14.477057625494188,0.08823529411764705,0.4000000000000001,0.3114977283161044
100631,Second Class,5.0,3,3.0,126.43,4.82,Electronic Supplies,West,2018-10-23 07:28:17.297297296,2018-10-28 07:28:17.297297296,0,2.0,1,3.812386300719766,0.11764705882352941,0.4000000000000001,0.08122655099811617
100632,Second Class,4.0,2,1.0,59.54,2.65,Sports,East,2016-12-02 12:02:09.729729728,2016-12-06 12:02:09.729729728,0,2.0,1,4.450789385287202,0.08823529411764705,0.0,0.02828127720875746
100633,First Class,5.0,2,1.0,199.38,10.98,Sports,South,2016-02-18 14:14:46.486486484,2016-02-23 14:14:46.486486484,0,3.0,1,5.50707192296118,0.11764705882352941,0.0,0.13896848137535814
100634,First Class,6.0,1,4.0,135.56,2.28,Sports,West,2017-11-15 07:54:14.054054048,2017-11-21 07:54:14.054054048,0,5.0,1,1.6819120684567719,0.14705882352941174,0.6000000000000001,0.08845319697953109
100635,Standard Class,7.0,5,2.0,120.06,-14.6,Electronic Supplies,Central,2018-07-05 16:50:27.027027024,2018-07-12 16:50:27.027027024,0,2.0,1,-12.160586373479926,0.1764705882352941,0.2,0.07618452088841046
100636,Standard Class,3.0,5,4.0,112.28,11.59,Electronic Supplies,East,2015-11-25 19:53:30.810810808,2015-11-28 19:53:30.810810808,0,-2.0,0,10.322408265051656,0.0588235294117647,0.6000000000000001,0.07002643701815764
100637,First Class,4.0,2,2.0,109.44,8.27,Clothing,East,2015-02-07 23:57:07.027027027,2015-02-11 23:57:07.027027027,0,2.0,1,7.556652046783626,0.08823529411764705,0.2,0.06777849894726844
100638,Standard Class,3.0,5,3.0,273.3,22.89,Clothing,East,2018-10-26 05:37:17.837837840,2018-10-29 05:37:17.837837840,0,-2.0,0,8.375411635565312,0.0588235294117647,0.4000000000000001,0.19747819341765738
100639,Standard Class,9.0,4,2.0,199.43,5.79,Clothing,South,2016-09-30 15:48:28.108108104,2016-10-09 15:48:28.108108104,1,5.0,1,2.9032743318457603,0.23529411764705882,0.2,0.13900805774984565
100640,Standard Class,7.0,5,2.0,151.61,26.51,Clothing,West,2018-10-21 20:23:47.027027024,2018-10-28 20:23:47.027027024,0,2.0,1,17.48565398060814,0.1764705882352941,0.2,0.1011572131900141
100641,Standard Class,4.0,4,2.0,84.45,25.68,Clothing,Central,2016-06-15 23:19:38.378378376,2016-06-19 23:19:38.378378376,0,0.0,0,30.408525754884547,0.08823529411764705,0.2,0.04799822697842296
100642,Standard Class,6.0,5,2.0,154.5,6.69,Electronic Supplies,West,2015-12-01 16:11:31.891891892,2015-12-07 16:11:31.891891892,0,1.0,1,4.3300970873786415,0.14705882352941174,0.2,0.10344472763539077
100643,Standard Class,4.0,3,1.0,204.26,45.34,Clothing,Central,2015-02-24 01:46:40.000000000,2015-02-28 01:46:40.000000000,0,1.0,1,22.197199647508082,0.08823529411764705,0.0,0.14283113552533677
100644,Standard Class,5.0,5,2.0,209.37,29.17,Sports,West,2018-11-11 07:26:50.810810800,2018-11-16 07:26:50.810810800,0,0.0,0,13.932273009504707,0.11764705882352941,0.2,0.14687584099795783
100645,Standard Class,2.0,4,4.0,191.44,21.6,Sports,West,2016-06-30 14:04:41.081081080,2016-07-02 14:04:41.081081080,0,-2.0,0,11.282908483075637,0.029411764705882353,0.6000000000000001,0.13268375310674538
100646,Second Class,5.0,2,5.0,94.66,7.81,Clothing,East,2016-11-16 10:12:36.756756752,2016-11-21 10:12:36.756756752,0,3.0,1,8.250581026832876,0.11764705882352941,0.8,0.056079722648767594
100647,First Class,2.0,2,2.0,36.16,3.74,Electronic Supplies,Central,2018-11-14 05:35:51.351351344,2018-11-16 05:35:51.351351344,0,0.0,0,10.342920353982302,0.029411764705882353,0.2,0.009775364498409028
100648,First Class,6.0,1,2.0,555.44,112.18,Electronic Supplies,West,2018-05-27 05:48:49.729729728,2018-06-02 05:48:49.729729728,0,5.0,1,20.196600892985742,0.14705882352941174,0.2,0.4207997593756431
100649,Second Class,6.0,3,1.0,73.61,1.4,Clothing,West,2017-10-25 20:51:10.270270272,2017-10-31 20:51:10.270270272,0,3.0,1,1.90191550061133,0.14705882352941174,0.0,0.03941806898953601
100650,Standard Class,5.0,3,3.0,48.08,4.23,Clothing,East,2018-05-14 02:08:17.297297296,2018-05-19 02:08:17.297297296,0,2.0,1,8.79783693843594,0.11764705882352941,0.4000000000000001,0.01921037217622568
100651,Standard Class,2.0,5,2.0,187.7,39.4,Clothing,Central,2015-10-11 12:33:52.432432432,2015-10-13 12:33:52.432432432,0,-3.0,0,20.990942994139587,0.029411764705882353,0.2,0.12972344029508143
100652,First Class,3.0,2,6.0,56.8,10.72,Sports,West,2018-06-02 02:06:50.810810800,2018-06-05 02:06:50.810810800,0,1.0,1,18.87323943661972,0.0588235294117647,1.0000000000000002,0.02611249188684323
100653,First Class,3.0,2,2.0,102.19,2.06,Clothing,Central,2018-06-16 16:51:53.513513504,2018-06-19 16:51:53.513513504,0,1.0,1,2.015852823172522,0.0588235294117647,0.2,0.06203992464658298
100654,Second Class,4.0,3,2.0,246.35,23.5,Sports,Central,2017-01-05 02:45:45.945945944,2017-01-09 02:45:45.945945944,0,1.0,1,9.539273391516137,0.08823529411764705,0.2,0.17614652756890245
100655,Standard Class,2.0,5,3.0,545.8,91.83,Electronic Supplies,Central,2018-11-17 03:44:51.891891888,2018-11-19 03:44:51.891891888,0,-3.0,0,16.824844265298644,0.029411764705882353,0.4000000000000001,0.41316943437445575
100656,Standard Class,7.0,5,4.0,221.82,36.17,Clothing,Central,2018-04-28 00:18:44.324324320,2018-05-05 00:18:44.324324320,0,2.0,1,16.30601388513209,0.1764705882352941,0.6000000000000001,0.15673035824534184
100657,Standard Class,4.0,3,2.0,129.61,24.37,Electronic Supplies,East,2017-04-26 04:28:06.486486480,2017-04-30 04:28:06.486486480,0,1.0,1,18.802561530746082,0.08823529411764705,0.2,0.08374360841552028
100658,Standard Class,3.0,3,2.0,166.76,23.47,Clothing,South,2018-11-15 16:40:21.621621616,2018-11-18 16:40:21.621621616,0,0.0,0,14.074118493643558,0.0588235294117647,0.2,0.11314885465972231
100659,First Class,4.0,1,6.0,53.22,8.2,Electronic Supplies,West,2015-08-25 18:09:43.783783784,2015-08-29 18:09:43.783783784,0,3.0,1,15.407741450582488,0.08823529411764705,1.0000000000000002,0.023278823473539236
100660,First Class,4.0,2,1.0,128.64,17.68,Clothing,Central,2018-08-20 00:10:05.405405408,2018-08-24 00:10:05.405405408,0,2.0,1,13.743781094527364,0.08823529411764705,0.0,0.08297582675046303
100661,Standard Class,5.0,5,5.0,128.72,30.43,Sports,East,2015-08-11 03:24:41.081081080,2015-08-16 03:24:41.081081080,0,0.0,0,23.640459912989435,0.11764705882352941,0.8,0.08303914894964302
100662,Same Day,4.0,0,1.0,190.5,14.53,Clothing,East,2018-03-16 15:08:06.486486480,2018-03-20 15:08:06.486486480,0,4.0,1,7.627296587926509,0.08823529411764705,0.0,0.13193971726638065
100663,First Class,7.0,1,4.0,609.37,69.38,Electronic Supplies,Central,2018-12-22 05:32:58.378378368,2018-12-29 05:32:58.378378368,0,6.0,1,11.385529317163627,0.1764705882352941,0.6000000000000001,0.4634868368978454
100664,Standard Class,4.0,3,3.0,48.96,1.41,Clothing,South,2018-01-08 09:40:54.054054048,2018-01-12 09:40:54.054054048,0,1.0,1,2.8799019607843137,0.08823529411764705,0.4000000000000001,0.019906916367205433
100665,Standard Class,9.0,5,2.0,132.29,1.72,Clothing,East,2015-06-12 05:20:00.000000000,2015-06-21 05:20:00.000000000,1,4.0,1,1.3001738604580846,0.23529411764705882,0.2,0.0858649020880495
100666,Standard Class,6.0,5,4.0,52.36,7.12,Sports,South,2015-11-27 06:58:01.081081080,2015-12-03 06:58:01.081081080,0,1.0,1,13.59816653934301,0.14705882352941174,0.6000000000000001,0.02259810983235448
100667,Standard Class,3.0,5,1.0,124.31,6.47,Clothing,East,2017-10-02 11:39:05.945945936,2017-10-05 11:39:05.945945936,0,-2.0,0,5.20473011020835,0.0588235294117647,0.0,0.07954851271984677
100668,Standard Class,7.0,4,1.0,98.3,10.36,Sports,West,2015-05-31 12:43:57.837837838,2015-06-07 12:43:57.837837838,0,3.0,1,10.539165818921669,0.1764705882352941,0.0,0.058960882711456566
100669,Standard Class,2.0,4,2.0,65.28,15.63,Electronic Supplies,Central,2016-09-07 06:36:23.783783784,2016-09-09 06:36:23.783783784,0,-2.0,0,23.943014705882355,0.029411764705882353,0.2,0.03282464499992084
100670,Standard Class,6.0,3,2.0,312.16,73.29,Clothing,East,2016-09-04 08:27:23.243243240,2016-09-10 08:27:23.243243240,0,3.0,1,23.47834443874936,0.14705882352941174,0.2,0.22823695166933147
100671,Standard Class,4.0,5,3.0,203.6,58.62,Clothing,Central,2018-01-01 02:18:22.702702704,2018-01-05 02:18:22.702702704,0,-1.0,0,28.791748526522593,0.08823529411764705,0.4000000000000001,0.14230872738210196
100672,Second Class,6.0,3,1.0,289.25,69.71,Clothing,South,2017-05-06 09:59:38.378378368,2017-05-12 09:59:38.378378368,0,3.0,1,24.100259291270525,0.14705882352941174,0.0,0.2101030568791654
100673,Standard Class,6.0,5,1.0,122.05,36.89,Sports,West,2018-02-13 22:33:30.810810800,2018-02-19 22:33:30.810810800,0,1.0,1,30.225317492830804,0.14705882352941174,0.0,0.0777596605930124
100674,First Class,6.0,2,1.0,164.68,23.87,Clothing,South,2017-09-09 02:27:01.621621616,2017-09-15 02:27:01.621621616,0,4.0,1,14.494777750789408,0.14705882352941174,0.0,0.11150247748104293
100675,Standard Class,6.0,5,1.0,486.15,18.36,Clothing,West,2015-06-23 21:56:02.162162162,2015-06-29 21:56:02.162162162,0,1.0,1,3.7766121567417468,0.14705882352941174,0.0,0.36595481961088505
100676,Same Day,3.0,0,2.0,172.13,5.16,Clothing,South,2015-03-19 10:58:44.324324324,2015-03-22 10:58:44.324324324,0,3.0,1,2.997734270609423,0.0588235294117647,0.2,0.1173993572796783
100677,Standard Class,2.0,4,3.0,291.54,64.64,Clothing,Central,2015-08-09 16:20:10.810810812,2015-08-11 16:20:10.810810812,0,-2.0,0,22.17191466008095,0.029411764705882353,0.4000000000000001,0.21191565483069227
100678,Standard Class,4.0,5,5.0,115.43,13.17,Electronic Supplies,East,2016-08-11 23:15:18.918918920,2016-08-15 23:15:18.918918920,0,-1.0,0,11.409512258511652,0.08823529411764705,0.8,0.07251974861086927
100679,Same Day,3.0,0,4.0,274.63,32.98,Clothing,West,2018-10-13 01:56:45.405405408,2018-10-16 01:56:45.405405408,0,3.0,1,12.008884681207443,0.0588235294117647,0.6000000000000001,0.1985309249790245
100680,Second Class,5.0,2,1.0,120.69,7.97,Sports,West,2015-10-30 12:32:25.945945944,2015-11-04 12:32:25.945945944,0,3.0,1,6.603695418013092,0.11764705882352941,0.0,0.07668318320695278
100681,Second Class,4.0,3,2.0,50.27,3.8,Sports,West,2017-08-19 15:23:57.837837840,2017-08-23 15:23:57.837837840,0,1.0,1,7.559180425701213,0.08823529411764705,0.2,0.020943817378777565
100682,Standard Class,8.0,3,1.0,171.58,24.14,Sports,Central,2018-05-17 00:17:17.837837840,2018-05-25 00:17:17.837837840,0,5.0,1,14.069238839025527,0.20588235294117646,0.0,0.11696401716031597
100683,Standard Class,5.0,5,1.0,127.01,3.25,Clothing,Central,2018-01-18 15:12:25.945945936,2018-01-23 15:12:25.945945936,0,0.0,0,2.5588536335721597,0.11764705882352941,0.0,0.081685636942171
100684,First Class,6.0,2,2.0,59.97,7.83,Sports,South,2015-01-12 16:36:02.162162162,2015-01-18 16:36:02.162162162,0,4.0,1,13.056528264132067,0.14705882352941174,0.2,0.02862163402934984
100685,Second Class,3.0,2,1.0,195.29,45.09,Electronic Supplies,West,2018-03-25 09:35:08.108108112,2018-03-28 09:35:08.108108112,0,1.0,1,23.08873982282759,0.0588235294117647,0.0,0.13573113394228178
100686,First Class,6.0,1,1.0,96.47,-5.85,Clothing,Central,2015-02-22 14:42:09.729729730,2015-02-28 14:42:09.729729730,0,5.0,1,-6.064061366227842,0.14705882352941174,0.0,0.05751238740521458
100687,First Class,7.0,1,5.0,1287.19,-17.13,Clothing,West,2016-10-22 13:56:02.162162160,2016-10-29 13:56:02.162162160,0,6.0,1,-1.3308058639361708,0.1764705882352941,0.8,1.0
100688,Standard Class,4.0,4,2.0,66.56,10.92,Clothing,South,2017-08-09 09:52:25.945945936,2017-08-13 09:52:25.945945936,0,0.0,0,16.40625,0.08823529411764705,0.2,0.03383780018680049
100689,Second Class,5.0,2,2.0,78.38,17.17,Clothing,Central,2016-01-05 17:59:38.378378376,2016-01-10 17:59:38.378378376,0,3.0,1,21.90609849451391,0.11764705882352941,0.2,0.04319365511564216
100690,Standard Class,5.0,3,1.0,303.45,21.49,Clothing,South,2016-03-18 19:44:51.891891888,2016-03-23 19:44:51.891891888,0,2.0,1,7.081891580161476,0.11764705882352941,0.0,0.2213427472336114
100691,Standard Class,3.0,4,1.0,158.15,-7.89,Sports,South,2017-12-26 06:00:21.621621616,2017-12-29 06:00:21.621621616,0,-1.0,0,-4.988934555801454,0.0588235294117647,0.0,0.10633380297297725
100692,Standard Class,4.0,5,4.0,299.46,67.24,Clothing,South,2017-04-14 11:52:04.324324320,2017-04-18 11:52:04.324324320,0,-1.0,0,22.453750083483605,0.08823529411764705,0.6000000000000001,0.21818455254951
100693,First Class,4.0,1,1.0,220.8,9.96,Clothing,South,2017-06-29 11:46:18.378378368,2017-07-03 11:46:18.378378368,0,3.0,1,4.510869565217392,0.08823529411764705,0.0,0.15592300020579714
100694,Standard Class,3.0,3,2.0,118.1,9.58,Sports,East,2017-12-05 18:57:17.837837840,2017-12-08 18:57:17.837837840,0,0.0,0,8.11176968670618,0.0588235294117647,0.2,0.074633127008501
100695,Standard Class,4.0,4,1.0,70.36,9.54,Clothing,East,2018-07-26 03:53:30.810810800,2018-07-30 03:53:30.810810800,0,0.0,0,13.558840250142126,0.08823529411764705,0.0,0.03684560464784942
100696,First Class,2.0,1,2.0,345.92,19.61,Sports,Central,2016-01-18 21:40:10.810810808,2016-01-20 21:40:10.810810808,0,1.0,1,5.668940795559667,0.029411764705882353,0.2,0.254958919723282
100697,Standard Class,1.0,5,1.0,74.63,2.98,Clothing,Central,2017-06-10 11:47:44.864864864,2017-06-11 11:47:44.864864864,0,-4.0,0,3.993032292643709,0.0,0.0,0.04022542702908072
100698,First Class,3.0,1,4.0,247.97,10.26,Electronic Supplies,East,2016-03-10 01:17:50.270270272,2016-03-13 01:17:50.270270272,0,2.0,1,4.1375972899947575,0.0588235294117647,0.6000000000000001,0.177428802102297
100699,Standard Class,8.0,4,4.0,313.36,81.05,Clothing,East,2016-08-28 01:04:51.891891888,2016-09-05 01:04:51.891891888,0,4.0,1,25.86482001531784,0.20588235294117646,0.6000000000000001,0.22918678465703113
100700,Standard Class,4.0,5,4.0,158.78,32.2,Sports,Central,2015-08-08 05:15:40.540540540,2015-08-12 05:15:40.540540540,0,-1.0,0,20.279632195490617,0.08823529411764705,0.6000000000000001,0.10683246529151956
100701,First Class,35.0,2,1.0,141.5,22.07,Electronic Supplies,East,2018-02-25 15:09:32.972972976,2018-03-05 15:09:32.972972976,1,33.0,1,15.597173144876326,0.9999999999999999,0.0,0.09315487026864443
100702,Standard Class,4.0,3,4.0,90.97,-5.91,Clothing,Central,2017-07-24 08:02:52.972972976,2017-07-28 08:02:52.972972976,0,1.0,1,-6.496647246344948,0.08823529411764705,0.6000000000000001,0.053158986211591125
100703,Standard Class,4.0,3,2.0,232.94,36.4,Clothing,South,2018-07-23 05:44:30.270270272,2018-07-27 05:44:30.270270272,0,1.0,1,15.626341547179532,0.08823529411764705,0.2,0.1655321439313587
100704,Standard Class,4.0,5,2.0,23.81,3.62,Sports,Central,2017-03-14 19:17:28.648648648,2017-03-18 19:17:28.648648648,0,-1.0,0,15.203695926081478,0.08823529411764705,0.2,0.0
100705,Standard Class,4.0,3,3.0,274.57,2.13,Clothing,West,2018-07-18 20:30:59.459459456,2018-07-22 20:30:59.459459456,0,1.0,1,0.7757584586808465,0.08823529411764705,0.4000000000000001,0.1984834333296395
100706,Same Day,2.0,0,1.0,186.36,24.36,Electronic Supplies,East,2016-12-14 04:38:11.891891888,2016-12-16 04:38:11.891891888,0,2.0,1,13.071474565357372,0.029411764705882353,0.0,0.12866279345881682
100707,Standard Class,5.0,5,1.0,149.18,28.96,Electronic Supplies,Central,2015-08-03 20:02:09.729729728,2015-08-08 20:02:09.729729728,0,0.0,0,19.4127899182196,0.11764705882352941,0.0,0.09923380138992227
100708,Second Class,3.0,3,3.0,201.84,31.4,Clothing,South,2015-08-02 08:57:39.459459460,2015-08-05 08:57:39.459459460,0,0.0,0,15.556876734046767,0.0588235294117647,0.4000000000000001,0.14091563900014245
100709,Standard Class,5.0,3,1.0,70.61,3.92,Clothing,East,2017-11-18 06:03:14.594594592,2017-11-23 06:03:14.594594592,0,2.0,1,5.551621583345135,0.11764705882352941,0.0,0.03704348652028684
100710,First Class,5.0,2,3.0,35.93,3.99,Clothing,East,2018-09-22 14:53:41.621621616,2018-09-27 14:53:41.621621616,0,3.0,1,11.104926245477317,0.11764705882352941,0.4000000000000001,0.009593313175766595
100711,Second Class,3.0,3,2.0,233.83,39.38,Clothing,Central,2017-12-16 00:28:49.729729728,2017-12-19 00:28:49.729729728,0,0.0,0,16.84129495787538,0.0588235294117647,0.2,0.16623660339723598
100712,First Class,2.0,1,4.0,405.76,46.56,Sports,East,2017-08-21 02:28:28.108108112,2017-08-23 02:28:28.108108112,0,1.0,1,11.474763406940063,0.029411764705882353,0.6000000000000001,0.30232392470990516
100713,Standard Class,6.0,5,5.0,55.67,11.71,Sports,Central,2016-05-23 14:07:34.054054056,2016-05-29 14:07:34.054054056,0,1.0,1,21.034668582719597,0.14705882352941174,0.8,0.02521806582342605
100714,Standard Class,4.0,3,4.0,87.0,12.32,Clothing,East,2016-11-07 15:45:35.135135136,2016-11-11 15:45:35.135135136,0,1.0,1,14.160919540229886,0.08823529411764705,0.6000000000000001,0.050016622077284745
100715,Standard Class,2.0,5,1.0,281.18,47.87,Clothing,East,2016-04-19 23:23:57.837837840,2016-04-21 23:23:57.837837840,0,-3.0,0,17.024681698556083,0.029411764705882353,0.0,0.20371543003688516
100716,Second Class,9.0,2,1.0,217.73,38.26,Clothing,South,2015-09-29 19:57:50.270270268,2015-10-08 19:57:50.270270268,1,7.0,1,17.572222477380244,0.23529411764705882,0.0,0.1534930108122655
100717,Second Class,2.0,3,2.0,1183.25,29.19,Clothing,West,2015-06-29 18:14:03.243243242,2015-07-01 18:14:03.243243242,0,-1.0,0,2.4669342911472643,0.029411764705882353,0.2,0.9177286327154142
100718,Same Day,5.0,0,1.0,346.95,39.55,Electronic Supplies,Central,2018-05-31 15:02:20.540540544,2018-06-05 15:02:20.540540544,0,5.0,1,11.399337080270932,0.11764705882352941,0.0,0.25577419303772414
100719,Standard Class,8.0,4,1.0,296.79,24.76,Clothing,Central,2017-06-07 13:38:44.324324320,2017-06-15 13:38:44.324324320,0,4.0,1,8.342599144176017,0.20588235294117646,0.0,0.2160711741518783
100720,Second Class,3.0,3,2.0,104.96,20.31,Electronic Supplies,East,2015-07-28 23:44:08.648648648,2015-07-31 23:44:08.648648648,0,0.0,0,19.350228658536587,0.0588235294117647,0.2,0.06423245579318969
100721,Second Class,3.0,3,2.0,242.53,35.67,Sports,Central,2018-11-01 01:55:18.918918912,2018-11-04 01:55:18.918918912,0,0.0,0,14.707458871067496,0.0588235294117647,0.2,0.17312289255805852
100722,Standard Class,2.0,3,6.0,455.78,43.27,Sports,Central,2015-10-15 21:47:23.243243244,2015-10-17 21:47:23.243243244,0,-1.0,0,9.493615340734566,0.029411764705882353,1.0000000000000002,0.34191612974718605
100723,Standard Class,3.0,3,1.0,154.96,1.15,Clothing,South,2017-06-09 00:43:14.594594592,2017-06-12 00:43:14.594594592,0,0.0,0,0.7421270005162622,0.0588235294117647,0.0,0.10380883028067565
100724,Second Class,2.0,2,1.0,159.78,-2.84,Sports,Central,2016-02-12 17:56:45.405405404,2016-02-14 17:56:45.405405404,0,0.0,0,-1.7774439854800348,0.029411764705882353,0.0,0.10762399278126929
100725,First Class,5.0,1,1.0,189.03,25.49,Sports,South,2016-03-04 04:59:49.189189184,2016-03-09 04:59:49.189189184,0,4.0,1,13.48463206898376,0.11764705882352941,0.0,0.13077617185644855
100726,Second Class,2.0,3,5.0,111.95,5.89,Sports,Central,2016-08-07 14:01:48.108108104,2016-08-09 14:01:48.108108104,0,-1.0,0,5.261277355962482,0.029411764705882353,0.8,0.06976523294654023
100727,Standard Class,4.0,4,4.0,205.37,33.53,Clothing,South,2015-06-28 07:09:32.972972972,2015-07-02 07:09:32.972972972,0,0.0,0,16.326629984905296,0.08823529411764705,0.6000000000000001,0.14370973103895895
100728,Second Class,9.0,3,4.0,202.06,-4.33,Clothing,West,2015-09-25 10:44:19.459459460,2015-10-04 10:44:19.459459460,1,6.0,1,-2.1429278432148866,0.23529411764705882,0.6000000000000001,0.1410897750478874
100729,Standard Class,6.0,5,5.0,451.24,107.14,Sports,West,2015-10-23 05:09:54.594594592,2015-10-29 05:09:54.594594592,0,1.0,1,23.74346245900186,0.14705882352941174,0.8,0.33832259494372235
100730,Standard Class,5.0,5,2.0,152.46,24.87,Clothing,Central,2016-10-02 02:52:58.378378376,2016-10-07 02:52:58.378378376,0,0.0,0,16.312475403384493,0.11764705882352941,0.2,0.10183001155630135
100731,Standard Class,3.0,5,2.0,267.35,31.53,Clothing,South,2015-12-26 12:28:06.486486484,2015-12-29 12:28:06.486486484,0,-2.0,0,11.793529081728071,0.0588235294117647,0.2,0.19276860485364655
100732,Second Class,5.0,2,2.0,155.44,38.03,Electronic Supplies,South,2016-08-29 12:09:22.162162160,2016-09-03 12:09:22.162162160,0,3.0,1,24.466031909418426,0.11764705882352941,0.2,0.10418876347575551
100733,First Class,4.0,1,3.0,261.35,48.58,Clothing,West,2018-09-24 01:58:11.891891888,2018-09-28 01:58:11.891891888,0,3.0,1,18.588100248708624,0.08823529411764705,0.4000000000000001,0.18801943991514825
100734,First Class,4.0,2,2.0,146.56,10.55,Clothing,East,2018-01-23 00:25:56.756756752,2018-01-27 00:25:56.756756752,0,2.0,1,7.198417030567686,0.08823529411764705,0.2,0.09715999936677801
100735,Standard Class,3.0,4,2.0,250.32,29.09,Clothing,West,2018-08-17 02:01:04.864864864,2018-08-20 02:01:04.864864864,0,-1.0,0,11.621124960051135,0.0588235294117647,0.2,0.17928889170320883
100736,Second Class,6.0,2,5.0,276.82,-13.05,Sports,Central,2018-05-05 07:41:15.675675664,2018-05-11 07:41:15.675675664,0,4.0,1,-4.714254750379308,0.14705882352941174,0.8,0.2002643701815764
100737,Standard Class,4.0,4,6.0,86.2,16.82,Clothing,West,2018-07-20 07:35:29.729729728,2018-07-24 07:35:29.729729728,0,0.0,0,19.51276102088167,0.08823529411764705,1.0000000000000002,0.049383400085484974
100738,Second Class,3.0,2,4.0,353.03,30.47,Sports,South,2015-07-08 12:41:04.864864864,2015-07-11 12:41:04.864864864,0,1.0,1,8.630994533042518,0.0588235294117647,0.6000000000000001,0.26058668017540243
100739,Standard Class,4.0,3,3.0,154.75,-7.46,Clothing,East,2017-07-19 22:49:22.162162160,2017-07-23 22:49:22.162162160,0,1.0,1,-4.820678513731826,0.08823529411764705,0.4000000000000001,0.1036426095078282
100740,Standard Class,4.0,3,3.0,127.06,1.96,Clothing,Central,2016-08-10 12:10:48.648648648,2016-08-14 12:10:48.648648648,0,1.0,1,1.5425783094600976,0.08823529411764705,0.4000000000000001,0.08172521331665848
100741,Standard Class,6.0,4,1.0,108.69,19.53,Sports,East,2018-02-19 18:51:31.891891888,2018-02-25 18:51:31.891891888,0,2.0,1,17.96853436378692,0.14705882352941174,0.0,0.06718485332995615
100742,Standard Class,5.0,3,1.0,209.31,50.05,Clothing,West,2018-01-30 07:48:28.108108112,2018-02-04 07:48:28.108108112,0,2.0,1,23.911901008074146,0.11764705882352941,0.0,0.14682834934857286
100743,Second Class,5.0,2,3.0,171.91,19.19,Electronic Supplies,Central,2017-12-10 04:10:48.648648640,2017-12-15 04:10:48.648648640,0,3.0,1,11.162817753475657,0.11764705882352941,0.4000000000000001,0.11722522123193337
100744,First Class,1.0,1,3.0,219.43,6.9,Clothing,Central,2018-08-27 07:32:36.756756752,2018-08-28 07:32:36.756756752,0,0.0,0,3.144510777924623,0.0,0.4000000000000001,0.15483860754484002
100745,Standard Class,4.0,4,1.0,222.21,-0.81,Clothing,Central,2015-11-17 01:26:29.189189188,2015-11-21 01:26:29.189189188,0,0.0,0,-0.3645200486026731,0.08823529411764705,0.0,0.15703905396634424
100746,Second Class,4.0,2,5.0,256.1,57.15,Clothing,West,2017-07-25 19:07:23.243243248,2017-07-29 19:07:23.243243248,0,2.0,1,22.315501757126118,0.08823529411764705,0.8,0.18386392059396223
100747,Standard Class,1.0,4,1.0,1047.94,152.95,Clothing,Central,2018-08-30 05:41:37.297297296,2018-08-31 05:41:37.297297296,0,-3.0,0,14.595301257705593,0.0,0.0,0.8106270480773797
100748,First Class,3.0,2,1.0,176.94,14.79,Electronic Supplies,West,2018-01-04 00:27:23.243243232,2018-01-07 00:27:23.243243232,0,1.0,1,8.358765683282469,0.0588235294117647,0.0,0.12120660450537447
100749,Second Class,5.0,3,3.0,106.97,6.9,Electronic Supplies,East,2018-03-23 22:30:37.837837840,2018-03-28 22:30:37.837837840,0,2.0,1,6.450406656071796,0.11764705882352941,0.4000000000000001,0.06582342604758663
100750,First Class,3.0,1,1.0,46.39,7.6,Clothing,West,2018-09-05 01:59:38.378378368,2018-09-08 01:59:38.378378368,0,2.0,1,16.382841129553782,0.0588235294117647,0.0,0.017872690718548658
100751,Standard Class,4.0,3,1.0,79.28,12.81,Sports,South,2017-06-30 22:50:48.648648640,2017-07-04 22:50:48.648648640,0,1.0,1,16.15792129162462,0.08823529411764705,0.0,0.04390602985641691
100752,Second Class,3.0,3,2.0,384.9,14.73,Sports,Central,2018-07-01 07:36:56.216216208,2018-07-04 07:36:56.216216208,0,0.0,0,3.826968043647701,0.0588235294117647,0.2,0.285812661273726
100753,First Class,1.0,1,3.0,275.32,5.12,Clothing,East,2018-01-15 17:03:25.405405408,2018-01-16 17:03:25.405405408,0,0.0,0,1.8596542205433677,0.0,0.4000000000000001,0.1990770789469518
100754,Standard Class,3.0,3,2.0,71.7,1.62,Clothing,South,2016-07-18 02:58:44.324324320,2016-07-21 02:58:44.324324320,0,0.0,0,2.259414225941423,0.0588235294117647,0.2,0.03790625148411404
100755,Standard Class,8.0,5,3.0,855.54,62.06,Electronic Supplies,Central,2018-11-21 12:58:22.702702704,2018-11-29 12:58:22.702702704,0,3.0,1,7.2538981228230135,0.20588235294117646,0.4000000000000001,0.6583371590495337
100756,Second Class,6.0,2,3.0,213.24,11.69,Electronic Supplies,Central,2017-01-13 21:12:47.567567568,2017-01-19 21:12:47.567567568,0,4.0,1,5.482085912586756,0.14705882352941174,0.4000000000000001,0.14993905238328925
100757,First Class,7.0,2,1.0,232.57,55.69,Electronic Supplies,South,2016-01-26 05:02:42.162162160,2016-02-02 05:02:42.162162160,0,5.0,1,23.945478780582192,0.1764705882352941,0.0,0.16523927876015132
100758,First Class,4.0,2,6.0,741.55,51.68,Sports,South,2018-04-11 22:29:11.351351344,2018-04-15 22:29:11.351351344,0,2.0,1,6.969186164115704,0.08823529411764705,1.0000000000000002,0.5681109404929633
100759,Second Class,2.0,2,1.0,534.13,5.36,Sports,West,2016-10-06 12:06:29.189189184,2016-10-08 12:06:29.189189184,0,0.0,0,1.003501020350851,0.029411764705882353,0.0,0.4039323085690766
100760,Second Class,4.0,3,6.0,286.5,4.16,Clothing,Central,2016-12-25 21:14:14.054054048,2016-12-29 21:14:14.054054048,0,1.0,1,1.4520069808027924,0.08823529411764705,1.0000000000000002,0.20792635628235367
100761,Standard Class,4.0,5,2.0,295.59,28.16,Clothing,East,2015-06-13 16:24:30.270270270,2015-06-17 16:24:30.270270270,0,-1.0,0,9.526709293277852,0.08823529411764705,0.2,0.21512134116417858
100762,Standard Class,6.0,5,6.0,314.13,-11.24,Clothing,Central,2017-10-06 20:52:36.756756752,2017-10-12 20:52:36.756756752,0,1.0,1,-3.578136440327253,0.14705882352941174,1.0000000000000002,0.2297962608241384
100763,Standard Class,2.0,5,1.0,147.43,15.51,Sports,West,2015-12-06 01:25:02.702702700,2015-12-08 01:25:02.702702700,0,-3.0,0,10.520246896832393,0.029411764705882353,0.0,0.09784862828286027
100764,Second Class,4.0,3,2.0,207.77,0.64,Sports,West,2018-06-24 00:14:24.864864864,2018-06-28 00:14:24.864864864,0,1.0,1,0.3080329210184338,0.08823529411764705,0.2,0.1456093970143583
100765,Standard Class,3.0,5,1.0,250.46,50.77,Electronic Supplies,South,2017-06-06 02:34:14.054054048,2017-06-09 02:34:14.054054048,0,-2.0,0,20.27070190848838,0.0588235294117647,0.0,0.17939970555177379
100766,First Class,4.0,1,1.0,158.79,18.95,Electronic Supplies,Central,2017-09-07 15:22:31.351351344,2017-09-11 15:22:31.351351344,0,3.0,1,11.934000881667611,0.08823529411764705,0.0,0.10684038056641705
100767,Second Class,5.0,2,3.0,92.06,25.75,Electronic Supplies,West,2016-06-29 03:00:10.810810808,2016-07-04 03:00:10.810810808,0,3.0,1,27.970888550945034,0.11764705882352941,0.4000000000000001,0.054021751175418325
100768,Second Class,4.0,2,1.0,145.04,13.31,Electronic Supplies,Central,2018-12-04 16:38:55.135135136,2018-12-08 16:38:55.135135136,0,2.0,1,9.176778819635963,0.08823529411764705,0.0,0.09595687758235842
100769,Standard Class,4.0,5,3.0,90.73,-12.75,Clothing,East,2018-05-15 13:12:47.567567568,2018-05-19 13:12:47.567567568,0,-1.0,0,-14.052683787060507,0.08823529411764705,0.4000000000000001,0.052969019614051205
100770,Second Class,4.0,3,1.0,179.8,40.75,Sports,West,2015-12-07 12:29:32.972972972,2015-12-11 12:29:32.972972972,0,1.0,1,22.664071190211345,0.08823529411764705,0.0,0.12347037312605867
100771,Standard Class,4.0,4,2.0,54.2,8.14,Sports,Central,2018-02-21 05:56:02.162162160,2018-02-25 05:56:02.162162160,0,0.0,0,15.018450184501845,0.08823529411764705,0.2,0.02405452041349396
100772,Second Class,6.0,2,4.0,215.22,34.98,Clothing,West,2017-09-14 22:45:02.702702704,2017-09-20 22:45:02.702702704,0,4.0,1,16.253136325620293,0.14705882352941174,0.6000000000000001,0.1515062768129937
100773,Standard Class,6.0,5,2.0,59.72,1.78,Electronic Supplies,West,2016-04-08 06:47:55.675675672,2016-04-14 06:47:55.675675672,0,1.0,1,2.9805760214333556,0.14705882352941174,0.2,0.028423752156912407
100774,Standard Class,7.0,5,3.0,132.65,14.14,Electronic Supplies,South,2017-08-05 00:38:55.135135136,2017-08-12 00:38:55.135135136,0,2.0,1,10.659630606860159,0.1764705882352941,0.4000000000000001,0.08614985198435941
100775,Second Class,6.0,2,3.0,239.29,29.89,Clothing,West,2016-08-22 04:46:50.810810808,2016-08-28 04:46:50.810810808,0,4.0,1,12.491119562037696,0.14705882352941174,0.4000000000000001,0.17055834349126942
100776,Standard Class,4.0,3,4.0,288.37,26.23,Clothing,South,2018-08-05 09:25:02.702702704,2018-08-09 09:25:02.702702704,0,1.0,1,9.095953115788744,0.08823529411764705,0.6000000000000001,0.20940651268818564
100777,Standard Class,5.0,5,2.0,266.94,-7.67,Sports,East,2017-11-02 04:13:41.621621616,2017-11-07 04:13:41.621621616,0,0.0,0,-2.8733048625159214,0.11764705882352941,0.2,0.19244407858284915
100778,Second Class,4.0,2,2.0,212.26,70.36,Sports,Central,2016-06-07 04:52:36.756756752,2016-06-11 04:52:36.756756752,0,2.0,1,33.14802600584189,0.08823529411764705,0.2,0.14916335544333453
100779,Second Class,3.0,3,6.0,83.3,14.73,Electronic Supplies,East,2016-01-13 01:22:09.729729728,2016-01-16 01:22:09.729729728,0,0.0,0,17.68307322929172,0.0588235294117647,1.0000000000000002,0.047087970365210785
100780,First Class,6.0,2,3.0,326.16,46.85,Clothing,East,2017-12-23 07:51:21.081081072,2017-12-29 07:51:21.081081072,0,4.0,1,14.36411577140054,0.14705882352941174,0.4000000000000001,0.2393183365258275
100781,First Class,2.0,1,2.0,84.55,18.19,Clothing,West,2017-07-05 08:04:19.459459456,2017-07-07 08:04:19.459459456,0,1.0,1,21.513897102306327,0.029411764705882353,0.2,0.04807737972739794
100782,First Class,7.0,2,3.0,351.24,56.74,Clothing,West,2017-07-12 15:26:50.810810800,2017-07-19 15:26:50.810810800,0,5.0,1,16.15419656075618,0.1764705882352941,0.4000000000000001,0.2591698459687505
100783,Standard Class,4.0,3,3.0,259.31,14.48,Clothing,East,2016-02-17 03:10:16.216216216,2016-02-21 03:10:16.216216216,0,1.0,1,5.584049978789865,0.08823529411764705,0.4000000000000001,0.1864047238360588
100784,Standard Class,5.0,5,3.0,417.08,87.58,Clothing,Central,2016-07-03 12:13:41.621621616,2016-07-08 12:13:41.621621616,0,0.0,0,20.9983696173396,0.11764705882352941,0.4000000000000001,0.31128401589387195
100785,Standard Class,5.0,3,1.0,175.24,31.22,Electronic Supplies,Central,2016-07-15 04:49:43.783783784,2016-07-20 04:49:43.783783784,0,2.0,1,17.81556722209541,0.11764705882352941,0.0,0.11986100777279994
100786,Second Class,6.0,3,1.0,101.27,5.96,Clothing,West,2015-11-24 08:49:00.540540540,2015-11-30 08:49:00.540540540,0,3.0,1,5.885257233139133,0.14705882352941174,0.0,0.06131171935601323
100787,First Class,5.0,2,4.0,74.42,12.89,Clothing,West,2018-10-24 18:32:47.567567568,2018-10-29 18:32:47.567567568,0,3.0,1,17.320612738511155,0.11764705882352941,0.6000000000000001,0.040059206256233285
100788,Standard Class,5.0,4,1.0,80.0,7.26,Clothing,West,2018-04-04 15:06:40.000000000,2018-04-09 15:06:40.000000000,0,1.0,1,9.075,0.11764705882352941,0.0,0.04447592964903671
100789,Standard Class,2.0,3,3.0,59.51,7.54,Clothing,East,2016-11-20 19:26:07.567567568,2016-11-22 19:26:07.567567568,0,-1.0,0,12.670139472357587,0.029411764705882353,0.4000000000000001,0.028257531384064966
100790,Second Class,4.0,3,2.0,318.08,50.25,Electronic Supplies,Central,2016-05-22 03:03:03.783783784,2016-05-26 03:03:03.783783784,0,1.0,1,15.797912474849095,0.08823529411764705,0.2,0.23292279440864977
100791,Standard Class,3.0,4,2.0,345.1,75.74,Sports,West,2017-01-08 00:54:46.486486488,2017-01-11 00:54:46.486486488,0,-1.0,0,21.947261663286003,0.0588235294117647,0.2,0.2543098671816872
100792,First Class,5.0,1,1.0,247.13,14.41,Sports,West,2017-07-22 20:58:22.702702704,2017-07-27 20:58:22.702702704,0,4.0,1,5.830939181807146,0.11764705882352941,0.0,0.1767639190109072
100793,First Class,4.0,2,1.0,168.77,23.49,Clothing,East,2018-12-13 11:05:56.756756752,2018-12-17 11:05:56.756756752,0,2.0,1,13.918350417728268,0.08823529411764705,0.0,0.11473982491411928
100794,First Class,5.0,1,5.0,658.28,178.56,Clothing,West,2018-09-18 05:40:10.810810800,2018-09-23 05:40:10.810810800,0,4.0,1,27.12523546211339,0.11764705882352941,0.8,0.5022004464215042
100795,Standard Class,2.0,5,5.0,161.77,15.52,Clothing,East,2018-08-15 14:56:34.594594592,2018-08-17 14:56:34.594594592,0,-3.0,0,9.593867837052606,0.029411764705882353,0.8,0.10919913248587125
100796,Second Class,2.0,3,3.0,199.06,25.03,Clothing,West,2017-06-23 15:28:17.297297296,2017-06-25 15:28:17.297297296,0,-1.0,0,12.574098261830605,0.029411764705882353,0.4000000000000001,0.13871519257863824
100797,Second Class,5.0,2,2.0,167.15,45.32,Electronic Supplies,South,2018-06-03 13:11:21.081081072,2018-06-08 13:11:21.081081072,0,3.0,1,27.11337122345199,0.11764705882352941,0.2,0.11345755038072473
100798,First Class,2.0,2,3.0,138.39,22.28,Clothing,West,2018-03-19 13:17:07.027027024,2018-03-21 13:17:07.027027024,0,0.0,0,16.099429149505024,0.029411764705882353,0.4000000000000001,0.09069321977552279
100799,First Class,2.0,2,3.0,259.86,-2.06,Sports,East,2017-07-31 15:25:24.324324320,2017-08-02 15:25:24.324324320,0,0.0,0,-0.7927345493727391,0.029411764705882353,0.4000000000000001,0.18684006395542116
100800,Second Class,1.0,2,2.0,114.23,5.3,Clothing,East,2018-05-21 09:30:48.648648640,2018-05-22 09:30:48.648648640,0,-1.0,0,4.63976188391841,0.0,0.2,0.0715699156231696
100801,Second Class,7.0,3,1.0,109.36,18.06,Sports,West,2017-03-23 13:44:30.270270264,2017-03-30 13:44:30.270270264,0,4.0,1,16.51426481346013,0.1764705882352941,0.0,0.06771517674808845
100802,Standard Class,5.0,5,3.0,268.53,38.63,Electronic Supplies,West,2018-10-30 14:50:48.648648640,2018-11-04 14:50:48.648648640,0,0.0,0,14.385729713626041,0.11764705882352941,0.4000000000000001,0.1937026072915512
100803,First Class,4.0,1,3.0,124.78,15.35,Sports,West,2017-04-23 06:19:05.945945936,2017-04-27 06:19:05.945945936,0,3.0,1,12.301650905593844,0.08823529411764705,0.4000000000000001,0.07992053064002913
100804,First Class,3.0,1,6.0,188.06,53.2,Sports,West,2018-03-07 20:41:04.864864864,2018-03-10 20:41:04.864864864,0,2.0,1,28.288843985961925,0.0588235294117647,1.0000000000000002,0.13000839019139132
100805,Standard Class,4.0,3,1.0,138.12,8.37,Electronic Supplies,Central,2015-05-05 05:22:52.972972972,2015-05-09 05:22:52.972972972,0,1.0,1,6.059947871416159,0.08823529411764705,0.0,0.09047950735329038
100806,Second Class,5.0,2,3.0,171.14,17.81,Sports,South,2015-12-20 16:10:05.405405404,2015-12-25 16:10:05.405405404,0,3.0,1,10.406684585719294,0.11764705882352941,0.4000000000000001,0.1166157450648261
100807,Second Class,5.0,2,3.0,111.31,-5.24,Clothing,West,2017-10-17 02:24:08.648648640,2017-10-22 02:24:08.648648640,0,3.0,1,-4.707573443536071,0.11764705882352941,0.4000000000000001,0.06925865535310041
100808,Second Class,3.0,3,2.0,113.71,23.07,Clothing,East,2015-08-21 08:56:12.972972972,2015-08-24 08:56:12.972972972,0,0.0,0,20.288453082402604,0.0588235294117647,0.2,0.07115832132849974
100809,Standard Class,3.0,5,1.0,101.21,4.66,Sports,West,2017-02-04 19:20:21.621621616,2017-02-07 19:20:21.621621616,0,-2.0,0,4.604288113822745,0.0588235294117647,0.0,0.061264227706628246
100810,Standard Class,2.0,4,2.0,298.32,58.04,Sports,Central,2015-02-21 03:37:39.459459459,2015-02-23 03:37:39.459459459,0,-2.0,0,19.455618128184497,0.029411764705882353,0.2,0.21728221121119534
100811,Same Day,5.0,0,2.0,192.81,35.89,Clothing,Central,2017-02-28 04:32:25.945945944,2017-03-05 04:32:25.945945944,0,5.0,1,18.614179762460452,0.11764705882352941,0.2,0.1337681457677025
100812,Second Class,5.0,2,2.0,313.27,93.33,Clothing,Central,2015-09-06 10:45:45.945945944,2015-09-11 10:45:45.945945944,0,3.0,1,29.792192038816356,0.11764705882352941,0.2,0.22911554718295363
100813,Standard Class,3.0,4,3.0,335.8,54.38,Electronic Supplies,West,2017-08-13 19:05:56.756756752,2017-08-16 19:05:56.756756752,0,-1.0,0,16.194163192376415,0.0588235294117647,0.4000000000000001,0.24694866152701483
100814,Second Class,1.0,3,3.0,127.88,10.42,Clothing,South,2018-07-24 16:49:00.540540544,2018-07-25 16:49:00.540540544,0,-2.0,0,8.148263997497654,0.0,0.4000000000000001,0.08237426585825325
100815,Second Class,2.0,2,3.0,305.83,44.74,Clothing,West,2018-06-06 11:20:21.621621616,2018-06-08 11:20:21.621621616,0,0.0,0,14.629042278389957,0.029411764705882353,0.4000000000000001,0.22322658265921572
100816,First Class,8.0,2,5.0,170.86,8.42,Clothing,East,2018-05-22 20:35:18.918918912,2018-05-30 20:35:18.918918912,0,6.0,1,4.92801123727028,0.20588235294117646,0.8,0.11639411736769618
100817,First Class,3.0,2,2.0,155.53,21.08,Electronic Supplies,East,2018-10-11 14:52:15.135135136,2018-10-14 14:52:15.135135136,0,1.0,1,13.55365524336141,0.0588235294117647,0.2,0.10426000094983298
100818,Standard Class,5.0,3,1.0,389.18,36.55,Clothing,Central,2017-12-07 06:01:48.108108112,2017-12-12 06:01:48.108108112,0,2.0,1,9.391541189166967,0.11764705882352941,0.0,0.28920039892985483
100819,Standard Class,5.0,4,3.0,247.14,25.79,Sports,Central,2015-05-19 20:07:55.675675676,2015-05-24 20:07:55.675675676,0,1.0,1,10.43538075584689,0.11764705882352941,0.4000000000000001,0.1767718342858047
100820,Standard Class,4.0,4,1.0,137.13,5.23,Clothing,West,2017-04-02 19:16:02.162162160,2017-04-06 19:16:02.162162160,0,0.0,0,3.813899219718516,0.08823529411764705,0.0,0.08969589513843815
100821,Second Class,3.0,2,2.0,236.92,31.76,Sports,South,2015-12-17 18:01:04.864864864,2015-12-20 18:01:04.864864864,0,1.0,1,13.405368900894818,0.0588235294117647,0.2,0.16868242334056258
100822,Standard Class,2.0,4,1.0,75.74,13.33,Electronic Supplies,East,2017-12-20 09:42:20.540540544,2017-12-22 09:42:20.540540544,0,-2.0,0,17.599683126485345,0.029411764705882353,0.0,0.0411040225427029
100823,Standard Class,5.0,4,1.0,202.5,-4.49,Clothing,West,2017-04-18 21:05:35.135135136,2017-04-23 21:05:35.135135136,0,1.0,1,-2.217283950617284,0.11764705882352941,0.0,0.14143804714337727
100824,Standard Class,5.0,5,4.0,65.06,3.57,Sports,South,2017-10-05 09:48:06.486486480,2017-10-10 09:48:06.486486480,0,0.0,0,5.4872425453427605,0.11764705882352941,0.6000000000000001,0.032650508952175916
100825,First Class,5.0,1,1.0,90.93,11.22,Clothing,Central,2016-11-03 06:32:04.324324320,2016-11-08 06:32:04.324324320,0,4.0,1,12.33916199274167,0.11764705882352941,0.0,0.05312732511200115
100826,Second Class,4.0,3,2.0,252.15,-19.61,Clothing,West,2017-03-19 04:30:59.459459456,2017-03-23 04:30:59.459459456,0,1.0,1,-7.777116795558199,0.08823529411764705,0.2,0.18073738700945083
100827,Standard Class,2.0,4,1.0,30.4,7.58,Electronic Supplies,West,2018-07-21 18:40:00.000000000,2018-07-23 18:40:00.000000000,0,-2.0,0,24.93421052631579,0.029411764705882353,0.0,0.0052161661574506475
100828,Standard Class,8.0,4,3.0,556.48,29.56,Clothing,West,2015-10-29 01:27:55.675675676,2015-11-06 01:27:55.675675676,0,4.0,1,5.31196089706728,0.20588235294117646,0.4000000000000001,0.4216229479649828
100829,Second Class,6.0,3,2.0,296.61,10.37,Sports,Central,2016-07-26 21:25:45.945945944,2016-08-01 21:25:45.945945944,0,3.0,1,3.4961734263848148,0.14705882352941174,0.2,0.21592869920372335
100830,Standard Class,3.0,5,3.0,52.19,4.88,Clothing,West,2018-03-06 09:36:34.594594592,2018-03-09 09:36:34.594594592,0,-2.0,0,9.350450277831001,0.0588235294117647,0.4000000000000001,0.022463550159097023
100831,Standard Class,8.0,5,2.0,819.77,99.18,Clothing,West,2016-08-03 04:48:17.297297296,2016-08-11 04:48:17.297297296,0,3.0,1,12.098515437256793,0.20588235294117646,0.2,0.6300242207411862
100832,Standard Class,5.0,4,1.0,980.6,48.52,Clothing,Central,2018-01-24 11:30:27.027027024,2018-01-29 11:30:27.027027024,0,1.0,1,4.947991025902509,0.11764705882352941,0.0,0.7573255869176336
100833,Standard Class,5.0,4,2.0,153.34,28.89,Sports,East,2018-05-24 07:39:49.189189184,2018-05-29 07:39:49.189189184,0,1.0,1,18.840485196295813,0.11764705882352941,0.2,0.1025265557472811
100834,Standard Class,5.0,3,1.0,94.42,13.41,Clothing,Central,2015-11-14 03:17:28.648648648,2015-11-19 03:17:28.648648648,0,2.0,1,14.202499470451174,0.11764705882352941,0.0,0.05588975605122766
100835,Standard Class,6.0,4,2.0,516.0,22.2,Sports,South,2015-01-06 20:18:01.081081081,2015-01-12 20:18:01.081081081,0,2.0,1,4.3023255813953485,0.14705882352941174,0.2,0.38958191517991414
100836,Standard Class,5.0,4,2.0,137.9,9.41,Clothing,East,2018-01-27 09:39:27.567567568,2018-02-01 09:39:27.567567568,0,1.0,1,6.8237853517041325,0.11764705882352941,0.2,0.09030537130554545
100837,Second Class,2.0,2,5.0,191.46,-2.17,Clothing,South,2017-07-27 06:11:53.513513504,2017-07-29 06:11:53.513513504,0,0.0,0,-1.1333960096103624,0.029411764705882353,0.8,0.1326995836565404
100838,Standard Class,4.0,5,1.0,380.41,3.7,Sports,East,2018-09-19 16:44:41.081081072,2018-09-23 16:44:41.081081072,0,-1.0,0,0.9726347887805263,0.08823529411764705,0.0,0.2822587028447498
100839,First Class,7.0,2,3.0,156.06,22.01,Electronic Supplies,Central,2017-06-13 09:56:45.405405408,2017-06-20 09:56:45.405405408,0,5.0,1,14.103549916698707,0.1764705882352941,0.4000000000000001,0.10467951051940033
100840,First Class,3.0,1,1.0,147.42,6.46,Clothing,Central,2017-12-14 13:24:19.459459456,2017-12-17 13:24:19.459459456,0,2.0,1,4.382037715371049,0.0588235294117647,0.0,0.09784071300796275
100841,Standard Class,4.0,3,2.0,75.41,19.18,Sports,Central,2017-03-08 22:59:27.567567568,2017-03-12 22:59:27.567567568,0,1.0,1,25.434292534146664,0.08823529411764705,0.2,0.04084281847108549
100842,First Class,4.0,1,2.0,114.45,13.24,Clothing,Central,2017-11-25 13:25:45.945945936,2017-11-29 13:25:45.945945936,0,3.0,1,11.568370467453036,0.08823529411764705,0.2,0.07174405167091454
100843,Standard Class,4.0,5,5.0,145.55,0.26,Sports,West,2017-09-25 04:16:34.594594592,2017-09-29 04:16:34.594594592,0,-1.0,0,0.1786327722432154,0.08823529411764705,0.8,0.0963605566021308
100844,Same Day,5.0,0,1.0,77.09,1.43,Electronic Supplies,Central,2015-05-24 05:21:26.486486486,2015-05-29 05:21:26.486486486,0,5.0,1,1.8549747048903875,0.11764705882352941,0.0,0.04217258465386503
100845,Standard Class,7.0,5,1.0,81.76,15.88,Electronic Supplies,East,2018-03-21 00:21:37.297297296,2018-03-28 00:21:37.297297296,0,2.0,1,19.422700587084147,0.1764705882352941,0.0,0.04586901803099622
100846,Standard Class,3.0,4,2.0,176.24,18.31,Sports,East,2017-11-28 11:34:46.486486480,2017-12-01 11:34:46.486486480,0,-1.0,0,10.389241942805265,0.0588235294117647,0.2,0.12065253526254967
100847,Standard Class,2.0,3,1.0,51.82,9.81,Clothing,West,2017-04-17 10:01:04.864864864,2017-04-19 10:01:04.864864864,0,-1.0,0,18.930914704747202,0.029411764705882353,0.0,0.02217068498788963
100848,Same Day,3.0,0,1.0,97.37,7.86,Electronic Supplies,West,2016-08-16 08:28:49.729729728,2016-08-19 08:28:49.729729728,0,3.0,1,8.072301530245456,0.0588235294117647,0.0,0.05822476214598933
100849,First Class,6.0,2,3.0,610.32,39.78,Sports,West,2017-01-03 15:41:15.675675672,2017-01-09 15:41:15.675675672,0,4.0,1,6.5178922532442,0.14705882352941174,0.4000000000000001,0.4642387880131077
100850,First Class,5.0,2,1.0,137.75,27.49,Clothing,South,2015-03-10 16:31:42.702702702,2015-03-15 16:31:42.702702702,0,3.0,1,19.95644283121597,0.11764705882352941,0.0,0.09018664218208298
100851,Standard Class,3.0,4,1.0,126.98,5.25,Clothing,Central,2015-02-16 18:24:08.648648648,2015-02-19 18:24:08.648648648,0,-1.0,0,4.134509371554575,0.0588235294117647,0.0,0.08166189111747851
100852,Second Class,6.0,2,3.0,137.35,20.48,Electronic Supplies,East,2018-02-12 11:29:00.540540544,2018-02-18 11:29:00.540540544,0,4.0,1,14.910811794685111,0.14705882352941174,0.4000000000000001,0.08987003118618309
100853,Standard Class,6.0,4,2.0,138.77,12.91,Electronic Supplies,East,2018-05-11 03:59:16.756756752,2018-05-17 03:59:16.756756752,0,2.0,1,9.303163507962815,0.14705882352941174,0.2,0.09099400022162771
100854,Second Class,6.0,3,1.0,250.55,45.17,Clothing,East,2015-10-20 07:00:54.054054052,2015-10-26 07:00:54.054054052,0,3.0,1,18.02833765715426,0.14705882352941174,0.0,0.1794709430258513
100855,Standard Class,7.0,3,1.0,239.41,61.16,Sports,West,2015-07-15 20:03:36.216216216,2015-07-22 20:03:36.216216216,0,4.0,1,25.54613424668978,0.1764705882352941,0.0,0.1706533267900394
100856,Standard Class,3.0,4,3.0,133.75,10.52,Electronic Supplies,East,2015-02-09 11:01:37.297297297,2015-02-12 11:01:37.297297297,0,-1.0,0,7.865420560747663,0.0588235294117647,0.4000000000000001,0.0870205322230841
100857,Standard Class,5.0,5,1.0,150.06,9.94,Clothing,East,2018-07-10 02:03:57.837837840,2018-07-15 02:03:57.837837840,0,0.0,0,6.624017059842729,0.11764705882352941,0.0,0.09993034558090202
100858,Standard Class,4.0,3,2.0,404.76,66.08,Clothing,East,2015-12-03 03:16:02.162162160,2015-12-07 03:16:02.162162160,0,1.0,1,16.325723885759462,0.08823529411764705,0.2,0.3015323972201554
100859,First Class,6.0,1,1.0,64.61,1.51,Sports,South,2016-12-15 15:42:42.162162160,2016-12-21 15:42:42.162162160,0,5.0,1,2.337099520198112,0.14705882352941174,0.0,0.032294321581788535
100860,Standard Class,5.0,4,3.0,166.1,39.75,Clothing,South,2018-02-02 05:57:28.648648640,2018-02-07 05:57:28.648648640,0,1.0,1,23.931366646598434,0.11764705882352941,0.4000000000000001,0.1126264465164875
100861,Second Class,5.0,2,2.0,188.28,42.49,Clothing,East,2016-07-06 10:22:42.162162160,2016-07-11 10:22:42.162162160,0,3.0,1,22.56745272997663,0.11764705882352941,0.2,0.13018252623913626
100862,Standard Class,5.0,5,3.0,104.08,3.13,Sports,Central,2016-02-25 21:37:17.837837840,2016-03-01 21:37:17.837837840,0,0.0,0,3.0073020753266717,0.11764705882352941,0.4000000000000001,0.06353591160220995
100863,First Class,3.0,2,4.0,160.0,-2.66,Electronic Supplies,South,2016-09-02 21:22:52.972972968,2016-09-05 21:22:52.972972968,0,1.0,1,-1.6625,0.0588235294117647,0.6000000000000001,0.10779812882901423
100864,Standard Class,4.0,5,3.0,95.34,1.64,Sports,South,2017-09-12 00:36:02.162162160,2017-09-16 00:36:02.162162160,0,-1.0,0,1.7201594294105307,0.08823529411764705,0.4000000000000001,0.056617961341797404
100865,Standard Class,8.0,5,1.0,260.91,4.79,Sports,Central,2016-07-25 10:21:15.675675672,2016-08-02 10:21:15.675675672,0,3.0,1,1.8358821049404006,0.20588235294117646,0.0,0.18767116781965837
100866,First Class,7.0,1,1.0,72.25,12.58,Clothing,East,2017-05-15 04:26:40.000000000,2017-05-22 04:26:40.000000000,0,6.0,1,17.411764705882355,0.1764705882352941,0.0,0.03834159160347639
100867,Standard Class,2.0,3,2.0,343.96,80.46,Clothing,South,2016-12-28 19:23:14.594594592,2016-12-30 19:23:14.594594592,0,-1.0,0,23.392254913362017,0.029411764705882353,0.2,0.2534075258433725
100868,Standard Class,3.0,3,1.0,164.41,28.48,Sports,West,2015-07-21 16:21:37.297297296,2015-07-24 16:21:37.297297296,0,0.0,0,17.32254729031081,0.0588235294117647,0.0,0.11128876505881048
100869,Second Class,3.0,3,1.0,128.87,11.74,Clothing,Central,2015-04-01 14:39:16.756756756,2015-04-04 14:39:16.756756756,0,0.0,0,9.109955769379994,0.0588235294117647,0.0,0.08315787807310548
100870,Second Class,5.0,3,4.0,89.74,12.33,Electronic Supplies,West,2016-11-19 08:21:37.297297296,2016-11-24 08:21:37.297297296,0,2.0,1,13.739692444840651,0.11764705882352941,0.6000000000000001,0.05218540739919897
100871,Standard Class,6.0,3,2.0,336.95,13.62,Clothing,South,2017-08-03 13:34:24.864864864,2017-08-09 13:34:24.864864864,0,3.0,1,4.042142751150022,0.14705882352941174,0.2,0.24785891814022698
100872,Standard Class,3.0,4,2.0,112.88,22.33,Clothing,South,2015-07-07 01:36:34.594594594,2015-07-10 01:36:34.594594594,0,-1.0,0,19.782069454287736,0.0588235294117647,0.2,0.07050135351200747
100873,First Class,4.0,1,3.0,80.74,11.67,Clothing,West,2018-11-27 09:16:23.783783776,2018-12-01 09:16:23.783783776,0,3.0,1,14.453802328461729,0.08823529411764705,0.4000000000000001,0.045061659991451494
100874,Standard Class,6.0,3,3.0,341.54,58.7,Electronic Supplies,West,2017-01-29 23:02:20.540540536,2017-02-04 23:02:20.540540536,0,3.0,1,17.186859518650817,0.14705882352941174,0.4000000000000001,0.2514920293181782
100875,Standard Class,5.0,5,1.0,95.79,4.96,Clothing,Central,2018-05-09 16:54:46.486486480,2018-05-14 16:54:46.486486480,0,0.0,0,5.17799352750809,0.11764705882352941,0.0,0.056974148712184786
100876,Standard Class,4.0,4,4.0,162.16,15.65,Clothing,South,2018-11-06 22:13:20.000000000,2018-11-10 22:13:20.000000000,0,0.0,0,9.650962012826838,0.08823529411764705,0.6000000000000001,0.10950782820687362
100877,Second Class,5.0,2,1.0,293.6,49.33,Clothing,Central,2015-04-04 12:48:17.297297297,2015-04-09 12:48:17.297297297,0,3.0,1,16.80177111716621,0.11764705882352941,0.0,0.21354620145957667
100878,First Class,4.0,1,3.0,191.08,43.08,Electronic Supplies,South,2018-04-01 16:57:39.459459456,2018-04-05 16:57:39.459459456,0,3.0,1,22.545530667783126,0.08823529411764705,0.4000000000000001,0.13239880321043548
100879,Standard Class,3.0,3,4.0,531.15,32.59,Clothing,East,2015-01-21 11:03:03.783783783,2015-01-24 11:03:03.783783783,0,0.0,0,6.1357431987197595,0.0588235294117647,0.6000000000000001,0.4015735566496224
100880,Standard Class,5.0,5,3.0,100.21,17.28,Clothing,South,2015-08-16 23:42:42.162162160,2015-08-21 23:42:42.162162160,0,0.0,0,17.243788045105283,0.11764705882352941,0.4000000000000001,0.06047270021687853
100881,Standard Class,5.0,4,3.0,150.38,7.98,Clothing,Central,2015-02-28 11:00:10.810810811,2015-03-05 11:00:10.810810811,0,1.0,1,5.30655672296848,0.11764705882352941,0.4000000000000001,0.10018363437762193
100882,First Class,6.0,1,1.0,158.13,44.18,Sports,East,2016-12-20 00:56:12.972972968,2016-12-26 00:56:12.972972968,0,5.0,1,27.939037500790487,0.14705882352941174,0.0,0.10631797242318226
100883,Standard Class,5.0,5,2.0,258.22,19.83,Clothing,Central,2016-07-07 21:27:12.432432432,2016-07-12 21:27:12.432432432,0,0.0,0,7.679498102393306,0.11764705882352941,0.2,0.18554195887223163
100884,Standard Class,5.0,5,3.0,398.46,64.34,Clothing,West,2015-10-01 07:02:20.540540540,2015-10-06 07:02:20.540540540,0,0.0,0,16.147166591376802,0.11764705882352941,0.4000000000000001,0.2965457740347322
100885,Second Class,3.0,3,2.0,180.88,22.29,Clothing,South,2018-01-20 02:16:56.216216208,2018-01-23 02:16:56.216216208,0,0.0,0,12.323087129588679,0.0588235294117647,0.2,0.12432522281498835
100886,Standard Class,4.0,4,4.0,157.67,50.21,Sports,West,2015-11-12 16:12:58.378378376,2015-11-16 16:12:58.378378376,0,0.0,0,31.84499270628528,0.08823529411764705,0.6000000000000001,0.10595386977789738
100887,First Class,1.0,1,2.0,65.76,8.44,Sports,East,2018-03-02 00:23:03.783783776,2018-03-03 00:23:03.783783776,0,0.0,0,12.834549878345497,0.0,0.2,0.03320457819500071
100888,Standard Class,3.0,3,1.0,185.5,12.76,Sports,Central,2015-03-17 23:54:14.054054054,2015-03-20 23:54:14.054054054,0,0.0,0,6.878706199460917,0.0588235294117647,0.0,0.12798207981763204
100889,Standard Class,5.0,3,1.0,112.99,17.24,Electronic Supplies,South,2018-07-07 03:54:57.297297296,2018-07-12 03:54:57.297297296,0,2.0,1,15.25798743251615,0.11764705882352941,0.0,0.07058842153587994
100890,Standard Class,9.0,3,2.0,257.75,41.08,Electronic Supplies,West,2016-05-07 12:18:01.081081080,2016-05-16 12:18:01.081081080,1,6.0,1,15.937924345295828,0.23529411764705882,0.2,0.18516994095204925
100891,Second Class,2.0,3,2.0,132.12,12.87,Clothing,West,2017-12-29 04:09:22.162162160,2017-12-31 04:09:22.162162160,0,-1.0,0,9.741144414168938,0.029411764705882353,0.2,0.08573034241479206
100892,Second Class,4.0,2,3.0,147.46,3.31,Sports,West,2017-11-16 18:58:44.324324320,2017-11-20 18:58:44.324324320,0,2.0,1,2.244676522446765,0.08823529411764705,0.4000000000000001,0.09787237410755276
100893,Second Class,6.0,2,3.0,66.74,4.52,Sports,West,2017-11-24 02:21:15.675675680,2017-11-30 02:21:15.675675680,0,4.0,1,6.772550194785736,0.14705882352941174,0.4000000000000001,0.033980275134955426
100894,Standard Class,3.0,3,4.0,53.12,9.59,Electronic Supplies,East,2016-03-07 03:08:49.729729728,2016-03-10 03:08:49.729729728,0,0.0,0,18.053463855421686,0.0588235294117647,0.6000000000000001,0.023199670724564258
100895,First Class,4.0,1,4.0,578.04,-17.22,Clothing,West,2017-10-21 11:37:39.459459456,2017-10-25 11:37:39.459459456,0,3.0,1,-2.979032592900145,0.08823529411764705,0.6000000000000001,0.4386882806439867
100896,Standard Class,5.0,4,4.0,187.6,16.91,Sports,West,2016-01-02 19:50:37.837837836,2016-01-07 19:50:37.837837836,0,1.0,1,9.013859275053306,0.11764705882352941,0.6000000000000001,0.12964428754610646
100897,Standard Class,5.0,4,1.0,224.26,42.52,Clothing,South,2017-11-27 00:30:16.216216208,2017-12-02 00:30:16.216216208,0,1.0,1,18.960135556942838,0.11764705882352941,0.0,0.15866168532033115
100898,Second Class,3.0,2,3.0,95.3,9.77,Electronic Supplies,South,2016-11-04 17:36:34.594594592,2016-11-07 17:36:34.594594592,0,1.0,1,10.25183630640084,0.0588235294117647,0.4000000000000001,0.05658630024220741
100899,Standard Class,4.0,4,1.0,304.63,86.48,Clothing,Central,2016-10-26 23:09:32.972972968,2016-10-30 23:09:32.972972968,0,0.0,0,28.388536913632933,0.08823529411764705,0.0,0.22227674967151606
100900,Standard Class,6.0,5,1.0,270.92,-8.01,Clothing,East,2018-12-26 14:46:29.189189184,2019-01-01 14:46:29.189189184,0,1.0,1,-2.956592351985826,0.14705882352941174,0.0,0.19559435799205305
100901,Standard Class,4.0,3,3.0,102.35,3.39,Clothing,Central,2018-04-06 02:11:10.270270272,2018-04-10 02:11:10.270270272,0,1.0,1,3.3121641426477777,0.08823529411764705,0.4000000000000001,0.06216656904494293
100902,Standard Class,1.0,3,2.0,86.6,-6.51,Clothing,Central,2018-06-13 18:42:52.972972976,2018-06-14 18:42:52.972972976,0,-2.0,0,-7.5173210161662825,0.0,0.2,0.04970001108138486
100903,Standard Class,5.0,5,1.0,107.11,28.87,Sports,West,2016-01-29 03:11:42.702702700,2016-02-03 03:11:42.702702700,0,0.0,0,26.953599103725146,0.11764705882352941,0.0,0.06593423989615159
100904,First Class,2.0,1,1.0,169.29,5.82,Clothing,South,2015-10-21 18:05:24.324324324,2015-10-23 18:05:24.324324324,0,1.0,1,3.4378876484139647,0.029411764705882353,0.0,0.11515141920878912
100905,Standard Class,5.0,5,1.0,192.22,-9.41,Clothing,Central,2015-08-24 07:05:13.513513512,2015-08-29 07:05:13.513513512,0,0.0,0,-4.895432317136614,0.11764705882352941,0.0,0.13330114454875017
100906,Second Class,3.0,2,5.0,176.79,10.79,Electronic Supplies,East,2017-03-22 02:40:00.000000000,2017-03-25 02:40:00.000000000,0,1.0,1,6.103286384976526,0.0588235294117647,0.8,0.121087875381912
100907,Second Class,7.0,2,1.0,401.09,-0.57,Clothing,South,2017-12-01 09:43:47.027027024,2017-12-08 09:43:47.027027024,0,5.0,1,-0.14211274277593558,0.1764705882352941,0.0,0.29862749133277394
100908,Standard Class,4.0,4,1.0,108.34,6.68,Sports,South,2016-08-09 01:06:18.378378376,2016-08-13 01:06:18.378378376,0,0.0,0,6.165774413882223,0.08823529411764705,0.0,0.06690781870854375
100909,Standard Class,4.0,5,2.0,85.09,9.64,Clothing,East,2017-10-22 22:42:09.729729728,2017-10-26 22:42:09.729729728,0,-1.0,0,11.329180867316959,0.08823529411764705,0.2,0.04850480457186278
100910,Standard Class,3.0,5,2.0,172.44,30.07,Clothing,West,2016-11-26 15:44:08.648648648,2016-11-29 15:44:08.648648648,0,-2.0,0,17.437949431686384,0.0588235294117647,0.2,0.11764473080150074
100911,First Class,3.0,2,5.0,57.37,5.51,Electronic Supplies,East,2018-04-14 20:38:11.891891888,2018-04-17 20:38:11.891891888,0,1.0,1,9.604322816803206,0.0588235294117647,0.8,0.02656366255600057
100912,Standard Class,6.0,4,1.0,271.03,30.36,Sports,Central,2018-01-31 18:52:58.378378368,2018-02-06 18:52:58.378378368,0,2.0,1,11.20171198760285,0.14705882352941174,0.0,0.1956814260159255
100913,First Class,9.0,1,2.0,183.77,11.66,Clothing,Central,2015-06-03 10:52:58.378378378,2015-06-12 10:52:58.378378378,1,8.0,1,6.344887631278227,0.23529411764705882,0.2,0.12661273726036504
100914,Standard Class,4.0,4,3.0,138.42,-1.51,Electronic Supplies,Central,2017-04-05 17:25:02.702702704,2017-04-09 17:25:02.702702704,0,0.0,0,-1.0908828204016763,0.08823529411764705,0.4000000000000001,0.09071696560021529
100915,First Class,4.0,1,5.0,133.51,-5.04,Electronic Supplies,East,2016-07-22 12:12:15.135135136,2016-07-26 12:12:15.135135136,0,3.0,1,-3.7749981274810875,0.08823529411764705,0.8,0.08683056562554417
100916,Standard Class,5.0,4,3.0,311.53,25.18,Electronic Supplies,South,2015-01-02 11:04:30.270270270,2015-01-07 11:04:30.270270270,0,1.0,1,8.082688665618079,0.11764705882352941,0.4000000000000001,0.2277382893507891
100917,Standard Class,6.0,5,4.0,305.15,35.63,Clothing,West,2018-10-01 09:20:43.243243232,2018-10-07 09:20:43.243243232,0,1.0,1,11.676224807471737,0.14705882352941174,0.6000000000000001,0.2226883439661859
100918,Second Class,5.0,3,1.0,146.92,11.01,Clothing,East,2018-12-06 03:43:25.405405408,2018-12-11 03:43:25.405405408,0,2.0,1,7.493874217261095,0.11764705882352941,0.0,0.0974449492630879
100919,Second Class,4.0,2,2.0,253.32,-8.8,Sports,East,2017-03-30 21:07:01.621621616,2017-04-03 21:07:01.621621616,0,2.0,1,-3.4738670456339813,0.08823529411764705,0.2,0.18166347417245798
100920,Standard Class,4.0,4,2.0,302.23,38.11,Sports,Central,2015-04-27 22:00:21.621621622,2015-05-01 22:00:21.621621622,0,0.0,0,12.60960195877312,0.08823529411764705,0.2,0.22037708369611675
100921,Second Class,5.0,2,4.0,214.45,51.54,Clothing,West,2015-10-27 14:23:25.405405404,2015-11-01 14:23:25.405405404,0,3.0,1,24.033574259734205,0.11764705882352941,0.6000000000000001,0.1508968006458864
100922,Standard Class,1.0,5,1.0,150.87,15.21,Sports,South,2015-02-19 16:33:09.189189189,2015-02-20 16:33:09.189189189,0,-4.0,0,10.081527142573076,0.0,0.0,0.1005714828475993
100923,Second Class,5.0,2,1.0,220.91,14.06,Clothing,Central,2018-02-06 15:10:59.459459456,2018-02-11 15:10:59.459459456,0,3.0,1,6.364582861798923,0.11764705882352941,0.0,0.1560100682296696
100924,Second Class,4.0,3,2.0,87.76,9.23,Clothing,Central,2017-01-12 10:08:17.297297296,2017-01-16 10:08:17.297297296,0,1.0,1,10.517319963536918,0.08823529411764705,0.2,0.05061818296949454
100925,Standard Class,6.0,5,1.0,180.59,3.91,Clothing,West,2016-09-16 01:03:25.405405400,2016-09-22 01:03:25.405405400,0,1.0,1,2.165125422227144,0.14705882352941174,0.0,0.12409567984296095
100926,Standard Class,2.0,3,1.0,148.19,2.44,Sports,West,2016-10-25 12:05:02.702702704,2016-10-27 12:05:02.702702704,0,-1.0,0,1.646534853903772,0.029411764705882353,0.0,0.09845018917507005
100927,Standard Class,5.0,5,6.0,133.83,19.55,Clothing,East,2016-06-18 21:28:38.918918920,2016-06-23 21:28:38.918918920,0,0.0,0,14.608084883807814,0.11764705882352941,1.0000000000000002,0.08708385442226409
100928,First Class,4.0,2,2.0,56.14,10.62,Electronic Supplies,West,2015-05-13 23:49:54.594594594,2015-05-17 23:49:54.594594594,0,2.0,1,18.916993231207694,0.08823529411764705,0.2,0.025590083743608414
100929,First Class,5.0,2,3.0,88.42,8.69,Sports,West,2016-05-10 10:27:01.621621624,2016-05-15 10:27:01.621621624,0,3.0,1,9.828093191585612,0.11764705882352941,0.4000000000000001,0.05114059111272935
100930,Standard Class,2.0,5,3.0,125.73,-6.02,Sports,Central,2018-08-03 22:20:32.432432432,2018-08-05 22:20:32.432432432,0,-3.0,0,-4.788037858904,0.029411764705882353,0.4000000000000001,0.08067248175529136
100931,Standard Class,5.0,3,2.0,308.52,42.66,Electronic Supplies,East,2017-04-04 06:20:32.432432432,2017-04-09 06:20:32.432432432,0,2.0,1,13.827304550758459,0.11764705882352941,0.2,0.22535579160664246
100932,Second Class,5.0,2,1.0,207.64,57.18,Sports,East,2016-05-19 04:54:03.243243240,2016-05-24 04:54:03.243243240,0,3.0,1,27.538046619148528,0.11764705882352941,0.0,0.1455064984406908
100933,Same Day,5.0,0,1.0,317.6,28.74,Electronic Supplies,South,2018-02-08 02:15:29.729729728,2018-02-13 02:15:29.729729728,0,5.0,1,9.049118387909319,0.11764705882352941,0.0,0.23254286121356993
100934,First Class,5.0,2,2.0,386.79,37.04,Clothing,South,2015-12-19 05:05:35.135135136,2015-12-24 05:05:35.135135136,0,3.0,1,9.576255849427337,0.11764705882352941,0.2,0.287308648229353
100935,Standard Class,5.0,3,3.0,213.59,8.58,Clothing,South,2015-01-19 23:58:33.513513513,2015-01-24 23:58:33.513513513,0,2.0,1,4.017041996348144,0.11764705882352941,0.4000000000000001,0.15021608700470165
100936,Standard Class,6.0,5,2.0,188.89,28.05,Clothing,West,2016-04-05 08:38:55.135135136,2016-04-11 08:38:55.135135136,0,1.0,1,14.849912647572664,0.14705882352941174,0.2,0.1306653580078836
100937,Standard Class,3.0,4,1.0,91.61,5.16,Clothing,West,2017-05-26 21:02:42.162162160,2017-05-29 21:02:42.162162160,0,-1.0,0,5.632572863224539,0.0588235294117647,0.0,0.053665563805030944
100938,Second Class,6.0,3,2.0,627.24,120.25,Electronic Supplies,West,2016-07-19 14:03:14.594594592,2016-07-25 14:03:14.594594592,0,3.0,1,19.17129009629488,0.14705882352941174,0.2,0.47763143313967293
100939,Standard Class,4.0,4,5.0,68.61,3.94,Clothing,South,2016-02-03 23:29:43.783783784,2016-02-07 23:29:43.783783784,0,0.0,0,5.742603119078852,0.08823529411764705,0.8,0.035460431540787415
100940,First Class,2.0,2,4.0,186.27,25.58,Sports,Central,2015-08-31 14:27:44.864864864,2015-09-02 14:27:44.864864864,0,0.0,0,13.7327535298223,0.029411764705882353,0.6000000000000001,0.12859155598473934
100941,Standard Class,2.0,5,4.0,296.28,31.49,Sports,East,2018-05-12 15:03:47.027027024,2018-05-14 15:03:47.027027024,0,-3.0,0,10.62845956527609,0.029411764705882353,0.6000000000000001,0.2156674951321059
100942,First Class,4.0,1,4.0,298.98,70.08,Sports,West,2018-12-20 18:28:28.108108096,2018-12-24 18:28:28.108108096,0,3.0,1,23.43969496287377,0.08823529411764705,0.6000000000000001,0.21780461935443016
100943,First Class,6.0,2,2.0,81.39,11.62,Clothing,West,2017-08-02 02:29:54.594594592,2017-08-08 02:29:54.594594592,0,4.0,1,14.276938198795918,0.14705882352941174,0.2,0.04557615285978882
100944,Second Class,5.0,3,3.0,131.24,29.0,Sports,Central,2018-04-10 11:24:41.081081072,2018-04-15 11:24:41.081081072,0,2.0,1,22.096921670222493,0.11764705882352941,0.4000000000000001,0.08503379822381232
100945,Standard Class,6.0,5,1.0,102.58,12.18,Clothing,West,2016-12-08 08:20:10.810810808,2016-12-14 08:20:10.810810808,0,1.0,1,11.873659582764672,0.14705882352941174,0.0,0.06234862036758536
100946,Standard Class,4.0,4,3.0,47.59,4.58,Clothing,West,2018-12-03 05:34:24.864864864,2018-12-07 05:34:24.864864864,0,0.0,0,9.623870561042235,0.08823529411764705,0.4000000000000001,0.01882252370624832
100947,Standard Class,4.0,4,3.0,187.68,20.07,Sports,East,2017-01-06 13:50:16.216216216,2017-01-10 13:50:16.216216216,0,0.0,0,10.69373401534527,0.08823529411764705,0.4000000000000001,0.12970760974528645
100948,Second Class,3.0,3,1.0,108.15,5.22,Sports,West,2018-04-29 11:23:14.594594592,2018-05-02 11:23:14.594594592,0,0.0,0,4.826629680998613,0.0588235294117647,0.0,0.06675742848549131
100949,Second Class,4.0,3,4.0,458.78,69.98,Clothing,East,2015-12-22 03:14:35.675675676,2015-12-26 03:14:35.675675676,0,1.0,1,15.253498408823404,0.08823529411764705,0.6000000000000001,0.3442907122164352
100950,First Class,4.0,1,5.0,257.2,14.09,Electronic Supplies,South,2017-04-07 04:29:32.972972968,2017-04-11 04:29:32.972972968,0,3.0,1,5.478227060653188,0.08823529411764705,0.8,0.1847346008326869
100951,First Class,2.0,2,1.0,177.13,21.08,Clothing,East,2018-07-02 18:41:26.486486480,2018-07-04 18:41:26.486486480,0,0.0,0,11.900863772370576,0.029411764705882353,0.0,0.12135699472842691
100952,First Class,3.0,2,4.0,126.82,22.63,Clothing,West,2017-04-01 08:11:31.891891888,2017-04-04 08:11:31.891891888,0,1.0,1,17.844188613783317,0.0588235294117647,0.6000000000000001,0.08153524671911855
100953,Standard Class,5.0,3,1.0,185.83,43.98,Clothing,Central,2017-09-29 13:30:05.405405408,2017-10-04 13:30:05.405405408,0,2.0,1,23.666792229457027,0.11764705882352941,0.0,0.12824328388924947
100954,Second Class,5.0,2,3.0,146.01,17.96,Sports,Central,2015-10-04 05:11:21.081081080,2015-10-09 05:11:21.081081080,0,3.0,1,12.300527361139649,0.11764705882352941,0.4000000000000001,0.09672465924741565
100955,Standard Class,9.0,3,2.0,180.4,32.27,Sports,West,2018-02-16 20:42:31.351351344,2018-02-25 20:42:31.351351344,1,6.0,1,17.888026607538805,0.23529411764705882,0.2,0.12394528961990851
100956,Standard Class,7.0,3,2.0,593.52,100.51,Clothing,East,2017-10-18 13:28:38.918918912,2017-10-25 13:28:38.918918912,0,4.0,1,16.934559913735008,0.1764705882352941,0.2,0.45094112618531235
100957,First Class,5.0,2,5.0,86.31,6.85,Clothing,East,2016-11-25 04:39:38.378378376,2016-11-30 04:39:38.378378376,0,3.0,1,7.936507936507936,0.11764705882352941,0.8,0.04947046810935744
100958,Standard Class,4.0,4,4.0,154.53,43.06,Sports,Central,2017-09-22 06:07:34.054054048,2017-09-26 06:07:34.054054048,0,0.0,0,27.865139455121984,0.08823529411764705,0.6000000000000001,0.10346847346008327
100959,Standard Class,5.0,5,4.0,272.91,17.44,Clothing,South,2017-01-15 08:17:17.837837832,2017-01-20 08:17:17.837837832,0,0.0,0,6.390385108643875,0.11764705882352941,0.6000000000000001,0.197169497696655
100960,Second Class,6.0,3,1.0,132.94,15.59,Clothing,West,2015-03-26 18:21:15.675675675,2015-04-01 18:21:15.675675675,0,3.0,1,11.727094930043629,0.14705882352941174,0.0,0.08637939495638683
100961,Standard Class,2.0,5,5.0,481.71,109.03,Sports,Central,2016-11-23 17:35:08.108108104,2016-11-25 17:35:08.108108104,0,-3.0,0,22.63394988686139,0.029411764705882353,0.8,0.36244043755639627
100962,First Class,4.0,1,1.0,268.0,60.13,Clothing,West,2017-03-29 10:02:31.351351352,2017-04-02 10:02:31.351351352,0,3.0,1,22.436567164179106,0.08823529411764705,0.0,0.19328309772198385
100963,Standard Class,6.0,5,4.0,108.06,12.01,Electronic Supplies,South,2018-06-05 00:15:51.351351344,2018-06-11 00:15:51.351351344,0,1.0,1,11.114195817138626,0.14705882352941174,0.6000000000000001,0.06668619101141383
100964,Standard Class,4.0,4,2.0,196.89,37.26,Clothing,West,2017-12-27 17:04:51.891891888,2017-12-31 17:04:51.891891888,0,0.0,0,18.9242724363858,0.08823529411764705,0.2,0.13699757792588133
100965,Standard Class,5.0,5,1.0,109.07,10.04,Sports,East,2016-01-04 06:55:08.108108108,2016-01-09 06:55:08.108108108,0,0.0,0,9.205097643715044,0.11764705882352941,0.0,0.06748563377606104
100966,Standard Class,5.0,5,3.0,102.74,7.28,Clothing,West,2015-01-31 16:34:35.675675675,2015-02-05 16:34:35.675675675,0,0.0,0,7.08584777107261,0.11764705882352941,0.4000000000000001,0.062475264765945324
100967,Second Class,3.0,2,1.0,157.41,2.04,Electronic Supplies,Central,2016-04-02 10:29:54.594594592,2016-04-05 10:29:54.594594592,0,1.0,1,1.2959786544692204,0.0588235294117647,0.0,0.10574807263056245
100968,Standard Class,4.0,5,1.0,392.07,65.83,Clothing,East,2016-11-01 19:27:34.054054048,2016-11-05 19:27:34.054054048,0,-1.0,0,16.790369066748283,0.08823529411764705,0.0,0.2914879133752315
100969,First Class,4.0,1,2.0,279.93,49.36,Sports,Central,2015-08-22 20:00:43.243243244,2015-08-26 20:00:43.243243244,0,3.0,1,17.6329796734898,0.08823529411764705,0.2,0.20272602067469803
100970,Standard Class,1.0,3,1.0,169.92,10.97,Sports,West,2016-02-08 08:43:14.594594592,2016-02-09 08:43:14.594594592,0,-2.0,0,6.455979284369116,0.0,0.0,0.11565008152733143
100971,First Class,1.0,2,1.0,286.51,37.66,Clothing,Central,2018-10-27 16:41:48.108108096,2018-10-28 16:41:48.108108096,0,-1.0,0,13.144392865868557,0.0,0.0,0.20793427155725117
100972,Second Class,6.0,3,1.0,205.33,66.13,Clothing,South,2015-10-07 03:20:21.621621620,2015-10-13 03:20:21.621621620,0,3.0,1,32.20669166707251,0.14705882352941174,0.0,0.143678069939369
100973,Second Class,3.0,2,2.0,80.61,16.26,Sports,East,2016-07-16 15:54:14.054054056,2016-07-19 15:54:14.054054056,0,1.0,1,20.17119464086342,0.0588235294117647,0.2,0.04495876141778404
100974,Standard Class,4.0,4,1.0,156.91,5.94,Electronic Supplies,Central,2018-03-22 11:26:07.567567568,2018-03-26 11:26:07.567567568,0,0.0,0,3.785609585112485,0.08823529411764705,0.0,0.1053523088856876
100975,Standard Class,3.0,4,3.0,164.42,31.26,Clothing,East,2016-08-26 14:00:21.621621616,2016-08-29 14:00:21.621621616,0,-1.0,0,19.012285610023113,0.0588235294117647,0.4000000000000001,0.11129668033370797
100976,Standard Class,7.0,4,1.0,282.9,10.82,Clothing,Central,2016-12-18 13:51:42.702702704,2016-12-25 13:51:42.702702704,0,3.0,1,3.8246730293389897,0.1764705882352941,0.0,0.20507685731925465
100977,First Class,3.0,1,5.0,119.32,-14.51,Electronic Supplies,East,2016-05-16 06:45:02.702702704,2016-05-19 06:45:02.702702704,0,2.0,1,-12.160576600737514,0.0588235294117647,0.8,0.07559879054599565
100978,Standard Class,4.0,3,4.0,95.28,10.33,Clothing,East,2018-01-28 20:43:57.837837840,2018-02-01 20:43:57.837837840,0,1.0,1,10.841729638958858,0.08823529411764705,0.6000000000000001,0.05657046969241242
100979,Standard Class,6.0,4,1.0,167.4,39.35,Electronic Supplies,Central,2016-03-26 03:07:23.243243240,2016-04-01 03:07:23.243243240,0,2.0,1,23.506571087216248,0.14705882352941174,0.0,0.11365543225316214
100980,First Class,6.0,2,4.0,113.35,25.14,Sports,Central,2017-08-24 00:37:28.648648640,2017-08-30 00:37:28.648648640,0,4.0,1,22.179091310101455,0.14705882352941174,0.6000000000000001,0.07087337143218983
100981,Standard Class,3.0,3,4.0,139.73,19.59,Sports,East,2015-07-09 23:45:35.135135134,2015-07-12 23:45:35.135135134,0,0.0,0,14.019895512774639,0.0588235294117647,0.6000000000000001,0.09175386661178742
100982,Second Class,6.0,3,6.0,163.6,10.91,Clothing,Central,2017-08-26 22:46:29.189189184,2017-09-01 22:46:29.189189184,0,3.0,1,6.668704156479217,0.14705882352941174,1.0000000000000002,0.11064762779211322
100983,Standard Class,4.0,3,3.0,134.43,20.02,Clothing,West,2018-06-26 22:23:25.405405408,2018-06-30 22:23:25.405405408,0,1.0,1,14.892509112549282,0.08823529411764705,0.4000000000000001,0.08755877091611391
100984,Standard Class,4.0,4,1.0,322.49,28.53,Sports,West,2015-05-25 16:25:56.756756756,2015-05-29 16:25:56.756756756,0,0.0,0,8.846785946851066,0.08823529411764705,0.0,0.23641343063844605
100985,Second Class,3.0,2,3.0,432.37,29.79,Electronic Supplies,West,2016-06-27 15:55:40.540540536,2016-06-30 15:55:40.540540536,0,1.0,1,6.889932233966278,0.0588235294117647,0.4000000000000001,0.32338647121214514
100986,Standard Class,2.0,4,3.0,302.14,58.91,Electronic Supplies,East,2015-05-08 03:31:53.513513514,2015-05-10 03:31:53.513513514,0,-2.0,0,19.497583901502612,0.029411764705882353,0.4000000000000001,0.22030584622203925
100987,First Class,5.0,1,3.0,54.53,3.7,Clothing,West,2016-10-31 08:23:03.783783784,2016-11-05 08:23:03.783783784,0,4.0,1,6.785255822483037,0.11764705882352941,0.4000000000000001,0.024315724485111368
100988,Standard Class,4.0,5,2.0,113.6,22.74,Clothing,South,2016-04-27 06:46:29.189189184,2016-05-01 06:46:29.189189184,0,-1.0,0,20.017605633802816,0.08823529411764705,0.2,0.07107125330462727
100989,Standard Class,4.0,3,4.0,153.53,9.61,Clothing,Central,2015-11-09 18:03:57.837837836,2015-11-13 18:03:57.837837836,0,1.0,1,6.259362990946395,0.08823529411764705,0.6000000000000001,0.10267694597033354
100990,Second Class,5.0,2,5.0,51.93,14.26,Electronic Supplies,Central,2016-11-12 00:59:05.945945944,2016-11-17 00:59:05.945945944,0,3.0,1,27.460042364721744,0.11764705882352941,0.8,0.0222577530117621
100991,Second Class,5.0,3,1.0,97.58,-2.07,Clothing,Central,2015-06-26 20:05:02.702702702,2015-07-01 20:05:02.702702702,0,2.0,1,-2.1213363394138143,0.11764705882352941,0.0,0.058390982918836765
100992,First Class,3.0,1,1.0,152.26,5.09,Clothing,Central,2017-06-16 08:05:45.945945936,2017-06-19 08:05:45.945945936,0,2.0,1,3.3429659792460265,0.0588235294117647,0.0,0.1016717060583514
100993,Standard Class,5.0,3,1.0,128.79,12.57,Clothing,Central,2015-01-30 05:30:05.405405405,2015-02-04 05:30:05.405405405,0,2.0,1,9.760074539948754,0.11764705882352941,0.0,0.08309455587392549
100994,First Class,3.0,1,4.0,173.4,-8.45,Clothing,West,2017-10-20 00:33:09.189189184,2017-10-23 00:33:09.189189184,0,2.0,1,-4.873125720876585,0.0588235294117647,0.6000000000000001,0.11840459719166048
100995,Standard Class,5.0,5,3.0,70.28,-6.72,Electronic Supplies,East,2015-04-14 18:19:49.189189189,2015-04-19 18:19:49.189189189,0,0.0,0,-9.56175298804781,0.11764705882352941,0.4000000000000001,0.03678228244866945
100996,Standard Class,5.0,3,3.0,127.84,-6.14,Sports,South,2015-06-04 21:57:28.648648648,2015-06-09 21:57:28.648648648,0,2.0,1,-4.802878598247809,0.11764705882352941,0.4000000000000001,0.08234260475866327
100997,Second Class,7.0,2,2.0,190.33,16.49,Clothing,Central,2016-01-30 14:16:12.972972972,2016-02-06 14:16:12.972972972,0,5.0,1,8.663899542899173,0.1764705882352941,0.2,0.1318051575931232
100998,Standard Class,2.0,5,3.0,173.58,15.39,Clothing,East,2018-06-10 20:33:52.432432432,2018-06-12 20:33:52.432432432,0,-3.0,0,8.866228828206015,0.029411764705882353,0.4000000000000001,0.11854707213981543
100999,Same Day,2.0,0,2.0,230.55,31.5,Clothing,South,2016-09-27 17:39:27.567567568,2016-09-29 17:39:27.567567568,0,2.0,1,13.662979830839298,0.029411764705882353,0.2,0.16364039323085688
