Order_ID,Shipping_Mode,Days_for_shipping_real,Days_for_shipment_scheduled,Order_Item_Quantity,Sales,Order_Profit_Per_Order,Category_Name,Order_Region,Order_Date,Shipping_Date
100001,Standard Class,3,5,3.0,104.85,8.12,Clothing,Central,2017-01-31 10:06:50.810810808,2017-02-03 10:06:50.810810808
100002,Same Day,4,0,1.0,36.29,4.34,Sports,West,2017-12-13 02:19:49.189189184,2017-12-17 02:19:49.189189184
100003,Second Class,6,2,4.0,231.06,10.63,Sports,Central,2017-12-17 11:33:20.000000000,2017-12-23 11:33:20.000000000
100004,First Class,5,1,5.0,198.85,17.57,Electronic Supplies,Central,2017-08-22 13:32:58.378378368,2017-08-27 13:32:58.378378368
100005,Standard Class,6,4,6.0,130.17,3.33,Electronic Supplies,East,2016-08-23 15:51:21.081081080,2016-08-29 15:51:21.081081080
100006,Standard Class,5,5,4.0,103.11,20.13,Clothing,West,2017-09-17 20:54:03.243243248,2017-09-22 20:54:03.243243248
100007,Standard Class,5,5,3.0,211.48,18.64,Clothing,West,2017-07-03 20:59:49.189189184,2017-07-08 20:59:49.189189184
100008,Second Class,6,2,1.0,89.35,17.43,Clothing,West,2017-01-19 17:30:48.648648648,2017-01-25 17:30:48.648648648
100009,First Class,3,2,2.0,85.49,11.53,Clothing,West,2018-06-09 09:29:22.162162160,2018-06-12 09:29:22.162162160
100010,Second Class,4,2,2.0,78.92,3.09,Sports,West,2015-07-18 18:12:36.756756756,2015-07-22 18:12:36.756756756
100011,Standard Class,3,5,4.0,151.03,19.65,Sports,Central,2018-03-31 05:53:09.189189184,2018-04-03 05:53:09.189189184
100012,Same Day,8,0,5.0,118.1,20.64,Electronic Supplies,South,2015-04-22 01:42:20.540540540,2015-04-30 01:42:20.540540540
100013,Second Class,7,3,,134.32,13.94,Clothing,Central,2017-07-18 11:44:51.891891888,2017-07-25 11:44:51.891891888
100014,Standard Class,2,3,5.0,242.06,28.06,Electronic Supplies,East,2018-11-23 00:02:52.972972976,2018-11-25 00:02:52.972972976
100015,Standard Class,5,4,3.0,322.51,21.25,Clothing,West,2018-10-02 20:25:13.513513504,2018-10-07 20:25:13.513513504
100016,Standard Class,7,3,3.0,442.66,49.55,Clothing,East,2018-08-06 20:29:32.972972976,2018-08-13 20:29:32.972972976
100017,Standard Class,3,5,1.0,179.31,23.14,Clothing,South,2016-02-14 05:01:15.675675676,2016-02-17 05:01:15.675675676
100018,First Class,5,1,1.0,216.14,13.77,Sports,East,2018-07-14 11:17:28.648648640,2018-07-19 11:17:28.648648640
100019,Standard Class,7,5,2.0,194.95,4.61,Clothing,South,2018-01-17 04:07:55.675675680,2018-01-24 04:07:55.675675680
100020,Standard Class,2,3,3.0,58.08,12.37,Electronic Supplies,South,2016-04-11 04:56:56.216216216,2016-04-13 04:56:56.216216216
100021,standard class ,5,2,1.0,135.6,21.47,Electronic Supplies,South,2017-03-13 08:12:58.378378376,2017-03-18 08:12:58.378378376
100022,FIRST CLASS,3,3,2.0,136.0,9.0,Electronic Supplies,South,2015-09-12 07:03:47.027027028,2015-09-15 07:03:47.027027028
100023,Standard Class,7,3,4.0,123.71,15.78,Clothing,South,2016-06-26 04:51:10.270270272,2016-07-03 04:51:10.270270272
100024,Standard Class,8,3,4.0,167.9,-1.39,Electronic Supplies,West,2017-02-09 04:33:52.432432432,2017-02-17 04:33:52.432432432
100025,Standard Class,7,4,5.0,149.51,-7.2,Sports,East,2015-11-03 21:45:56.756756756,2015-11-10 21:45:56.756756756
100026,Second Class,4,2,2.0,90.82,17.87,Clothing,Central,2015-12-10 10:38:33.513513512,2015-12-14 10:38:33.513513512
100027,Standard Class,6,4,2.0,156.31,20.06,Clothing,West,2015-05-28 14:34:57.297297296,2015-06-03 14:34:57.297297296
100028,First Class,6,1,3.0,113.82,12.09,Clothing,South,2018-12-12 00:01:26.486486480,2018-12-18 00:01:26.486486480
100029,First Class,4,2,2.0,31.42,4.04,Clothing,West,2018-08-11 05:43:03.783783776,2018-08-15 05:43:03.783783776
100030,Standard Class,6,4,1.0,69.54,25.6,Sports,South,2018-10-16 00:05:45.945945936,2018-10-22 00:05:45.945945936
100031,First Class,2,1,1.0,182.69,32.8,Electronic Supplies,South,2016-05-20 15:58:33.513513512,2016-05-22 15:58:33.513513512
100032,Standard Class,5,3,2.0,350.63,9.24,Clothing,Central,2015-07-23 03:26:07.567567566,2015-07-28 03:26:07.567567566
100033,Standard Class,3,5,1.0,35.6,-0.87,Sports,Central,2017-06-26 13:37:17.837837840,2017-06-29 13:37:17.837837840
100034,Second Class,2,3,2.0,97.93,,Electronic Supplies,East,2016-12-30 06:27:44.864864864,2017-01-01 06:27:44.864864864
100035,Same Day,2,0,1.0,228.25,40.74,Clothing,Central,2016-06-24 17:46:40.000000000,2016-06-26 17:46:40.000000000
100036,Second Class,5,3,1.0,305.16,47.61,Electronic Supplies,West,2015-10-17 08:51:53.513513512,2015-10-22 08:51:53.513513512
100037,Standard Class,4,4,3.0,131.23,5.9,Sports,South,2017-10-01 00:34:35.675675680,2017-10-05 00:34:35.675675680
100038,Standard Class,5,4,3.0,110.63,15.38,Sports,West,2017-05-03 11:50:37.837837840,2017-05-08 11:50:37.837837840
100039,First Class,2,2,3.0,381.0,19.86,Clothing,East,2018-08-09 18:38:33.513513504,2018-08-11 18:38:33.513513504
100040,Standard Class,4,5,1.0,289.3,47.16,Sports,Central,2015-03-28 05:25:45.945945946,2015-04-01 05:25:45.945945946
100041,Standard Class,4,3,1.0,301.3,56.83,Clothing,East,2016-04-24 08:37:28.648648648,2016-04-28 08:37:28.648648648
100042,Standard Class,6,3,3.0,127.2,8.46,Sports,East,2015-05-21 07:12:25.945945946,2015-05-27 07:12:25.945945946
100043,Standard Class,4,4,3.0,355.63,71.32,Clothing,East,2016-03-31 23:25:24.324324320,2016-04-04 23:25:24.324324320
100044,Second Class,5,3,2.0,48.7,5.8,Electronic Supplies,Central,2018-11-24 11:07:23.243243232,2018-11-29 11:07:23.243243232
100045,Standard Class,6,5,2.0,359.71,53.72,Clothing,East,2016-03-12 23:26:50.810810808,2016-03-18 23:26:50.810810808
100046,First Class,5,1,5.0,165.13,0.86,Clothing,Central,2016-02-09 19:47:44.864864864,2016-02-14 19:47:44.864864864
100047,Standard Class,3,4,2.0,187.51,24.11,Sports,South,2018-09-12 09:22:09.729729728,2018-09-15 09:22:09.729729728
100048,First Class,1,2,2.0,93.28,5.22,Clothing,Central,2017-05-28 08:07:12.432432432,2017-05-29 08:07:12.432432432
100049,First Class,6,2,3.0,53.03,7.85,Sports,Central,2016-10-03 13:57:28.648648648,2016-10-09 13:57:28.648648648
100050,Standard Class,1,4,2.0,184.94,42.05,Electronic Supplies,Central,2018-05-08 05:50:16.216216208,2018-05-09 05:50:16.216216208
100051,Same Day,6,0,2.0,246.76,32.86,Sports,East,2017-04-13 00:47:34.054054048,2017-04-19 00:47:34.054054048
100052,Second Class,4,2,2.0,272.26,10.33,Clothing,West,2018-07-08 14:59:27.567567568,2018-07-12 14:59:27.567567568
100053,Second Class,7,3,4.0,253.82,40.64,Sports,West,2016-01-17 10:35:40.540540540,2016-01-24 10:35:40.540540540
100054,Second Class,6,3,1.0,219.05,31.14,Sports,East,2017-04-24 17:23:36.216216208,2017-04-30 17:23:36.216216208
100055,First Class,9,2,1.0,94.59,25.98,Electronic Supplies,West,2015-02-03 14:43:36.216216216,2015-02-12 14:43:36.216216216
100056,Second Class,4,3,2.0,283.97,37.01,Clothing,East,2015-02-13 20:15:08.108108108,2015-02-17 20:15:08.108108108
100057,Standard Class,5,3,4.0,87.96,5.56,Clothing,West,2017-06-20 17:19:16.756756752,2017-06-25 17:19:16.756756752
100058,Standard Class,4,4,1.0,354.1,60.78,Sports,Central,2015-01-15 14:45:02.702702702,2015-01-19 14:45:02.702702702
100059,Standard Class,4,4,6.0,163.27,16.29,Clothing,East,2015-11-19 23:35:29.729729728,2015-11-23 23:35:29.729729728
100060,Standard Class,5,3,2.0,166.84,19.42,Clothing,West,2018-04-13 09:33:41.621621616,2018-04-18 09:33:41.621621616
100061,Standard Class,6,4,6.0,302.73,10.81,Clothing,South,2016-03-08 14:13:20.000000000,2016-03-14 14:13:20.000000000
100062,Standard Class,8,3,5.0,330.62,33.13,Electronic Supplies,West,2015-03-20 22:03:14.594594594,2015-03-28 22:03:14.594594594
100063,Second Class,5,2,2.0,284.55,32.0,Electronic Supplies,Central,2017-03-03 02:41:26.486486480,2017-03-08 02:41:26.486486480
100064,Standard Class,4,4,1.0,101.16,10.09,Sports,Central,2015-11-02 10:41:26.486486484,2015-11-06 10:41:26.486486484
100065,Standard Class,4,4,1.0,283.08,17.76,Clothing,South,2017-06-01 17:20:43.243243248,2017-06-05 17:20:43.243243248
100066,First Class,5,1,1.0,101.53,13.51,Clothing,Central,2017-10-08 07:57:07.027027024,2017-10-13 07:57:07.027027024
100067,Standard Class,3,4,3.0,287.76,10.39,Electronic Supplies,Central,2017-08-25 11:41:58.918918912,2017-08-28 11:41:58.918918912
100068,Second Class,2,2,1.0,68.28,1.18,Electronic Supplies,Central,2018-06-19 15:00:54.054054048,2018-06-21 15:00:54.054054048
100069,Standard Class,4,3,2.0,162.25,27.06,Electronic Supplies,East,2015-04-13 07:15:18.918918919,2015-04-17 07:15:18.918918919
100070,Same Day,3,0,2.0,101.13,16.12,Sports,Central,2017-03-04 13:45:56.756756752,2017-03-07 13:45:56.756756752
100071,Second Class,3,2,5.0,303.52,1.64,Clothing,East,2015-06-06 09:01:58.918918918,2015-06-09 09:01:58.918918918
100072,Standard Class,3,3,1.0,355.97,-12.94,Electronic Supplies,East,2016-12-21 12:00:43.243243240,2016-12-24 12:00:43.243243240
100073,Standard Class,2,3,1.0,196.24,5.75,Clothing,South,2017-05-12 06:17:39.459459456,2017-05-14 06:17:39.459459456
100074,Second Class,1,2,1.0,192.09,19.16,Clothing,Central,2017-12-18 22:37:50.270270272,2017-12-19 22:37:50.270270272
100075,Second Class,8,2,5.0,272.52,55.14,Sports,East,2016-03-02 17:55:18.918918920,2016-03-10 17:55:18.918918920
100076,Second Class,4,2,3.0,357.35,34.94,Clothing,West,2016-02-27 08:41:48.108108104,2016-03-02 08:41:48.108108104
100077,Second Class,4,3,1.0,176.66,8.56,Clothing,West,2017-08-10 20:56:56.216216208,2017-08-14 20:56:56.216216208
100078,Standard Class,5,5,1.0,124.61,15.19,Clothing,East,2015-02-26 23:55:40.540540540,2015-03-03 23:55:40.540540540
100079,Standard Class,3,4,1.0,262.62,26.49,Clothing,South,2017-05-10 19:13:09.189189184,2017-05-13 19:13:09.189189184
100080,Standard Class,7,4,1.0,51.51,-0.02,Electronic Supplies,Central,2016-03-24 16:02:52.972972968,2016-03-31 16:02:52.972972968
100081,Second Class,6,3,5.0,311.46,-0.0,Clothing,South,2017-09-19 07:58:33.513513504,2017-09-25 07:58:33.513513504
100082,First Class,2,2,4.0,108.68,0.23,Clothing,East,2015-04-07 10:57:17.837837838,2015-04-09 10:57:17.837837838
100083,Standard Class,4,4,2.0,147.5,45.49,Clothing,Central,2016-02-06 21:38:44.324324324,2016-02-10 21:38:44.324324324
100084,Standard Class,6,4,4.0,312.76,55.92,Clothing,South,2015-04-08 22:01:48.108108108,2015-04-14 22:01:48.108108108
100085,Standard Class,7,4,1.0,131.62,8.23,Clothing,West,2016-04-09 17:52:25.945945944,2016-04-16 17:52:25.945945944
100086,Standard Class,4,4,3.0,262.65,52.18,Sports,Central,2017-03-11 21:08:28.108108104,2017-03-15 21:08:28.108108104
100087,Second Class,5,3,4.0,361.51,23.34,Clothing,Central,2018-12-29 12:55:29.729729728,2019-01-03 12:55:29.729729728
100088,First Class,3,1,2.0,185.22,36.31,Sports,Central,2017-11-09 11:36:12.972972976,2017-11-12 11:36:12.972972976
100089,Second Class,9,3,,211.12,24.58,Electronic Supplies,West,2018-01-05 11:31:53.513513504,2018-01-14 11:31:53.513513504
100090,Standard Class,3,5,1.0,159.55,9.14,Sports,Central,2016-04-22 21:32:58.378378376,2016-04-25 21:32:58.378378376
100091,Standard Class,7,5,1.0,185.89,30.56,Clothing,Central,2016-07-12 06:40:43.243243240,2016-07-19 06:40:43.243243240
100092,Second Class,5,3,1.0,83.46,10.1,Clothing,Central,2016-10-21 02:51:31.891891888,2016-10-26 02:51:31.891891888
100093,Second Class,5,3,2.0,142.46,20.21,Electronic Supplies,West,2017-02-01 21:11:21.081081080,2017-02-06 21:11:21.081081080
100094,First Class,4,1,3.0,74.64,9.5,Sports,South,2015-11-15 14:21:58.918918916,2015-11-19 14:21:58.918918916
100095,Second Class,3,3,5.0,96.14,12.15,Electronic Supplies,West,2018-02-24 04:05:02.702702704,2018-02-27 04:05:02.702702704
100096,Standard Class,3,3,3.0,46.9,8.16,Electronic Supplies,Central,2016-09-29 04:43:57.837837832,2016-10-02 04:43:57.837837832
100097,First Class,3,1,4.0,204.7,64.83,Electronic Supplies,South,2018-01-21 13:21:26.486486480,2018-01-24 13:21:26.486486480
100098,Standard Class,3,5,4.0,517.78,108.68,Electronic Supplies,West,2015-05-09 14:36:23.783783784,2015-05-12 14:36:23.783783784
100099,Standard Class,5,5,1.0,128.19,16.35,Sports,South,2015-04-03 01:43:47.027027027,2015-04-08 01:43:47.027027027
100100,Standard Class,4,5,2.0,322.9,27.5,Clothing,East,2018-04-22 04:00:43.243243232,2018-04-26 04:00:43.243243232
100101,Standard Class,2,4,1.0,358.42,33.67,Electronic Supplies,East,2017-11-12 09:45:13.513513504,2017-11-14 09:45:13.513513504
100102,First Class,8,2,3.0,79.09,0.75,Sports,West,2016-05-27 23:21:04.864864864,2016-06-04 23:21:04.864864864
100103,Standard Class,6,3,5.0,90.97,14.84,Clothing,Central,2018-09-29 22:16:12.972972976,2018-10-05 22:16:12.972972976
100104,First Class,7,2,1.0,328.33,9.46,Sports,East,2016-01-10 03:13:09.189189188,2016-01-17 03:13:09.189189188
100105,Second Class,9,3,3.0,162.39,13.02,Sports,South,2017-07-17 00:40:21.621621616,2017-07-26 00:40:21.621621616
100106,Standard Class,3,5,3.0,74.51,12.19,Electronic Supplies,South,2017-07-30 04:20:54.054054048,2017-08-02 04:20:54.054054048
100107,Standard Class,4,4,3.0,113.98,10.37,Sports,South,2017-03-20 15:35:29.729729728,2017-03-24 15:35:29.729729728
100108,Second Class,5,3,2.0,226.51,16.0,Clothing,West,2018-11-02 12:59:49.189189184,2018-11-07 12:59:49.189189184
100109,Standard Class,5,5,2.0,102.92,1.46,Electronic Supplies,Central,2015-09-03 12:36:45.405405404,2015-09-08 12:36:45.405405404
100110,Standard Class,3,4,1.0,28.4,5.86,Electronic Supplies,Central,2018-09-02 03:50:37.837837840,2018-09-05 03:50:37.837837840
100111,Standard Class,6,3,1.0,139.87,6.06,Sports,East,2017-02-10 15:38:22.702702704,2017-02-16 15:38:22.702702704
100112,Standard Class,3,3,1.0,147.43,9.31,Clothing,East,2018-04-17 18:47:12.432432432,2018-04-20 18:47:12.432432432
100113,Second Class,3,2,3.0,173.47,-5.78,Clothing,Central,2018-12-10 12:56:56.216216208,2018-12-13 12:56:56.216216208
100114,Second Class,4,3,1.0,390.83,42.37,Sports,Central,2018-04-07 13:15:40.540540544,2018-04-11 13:15:40.540540544
100115,First Class,5,2,4.0,178.54,14.88,Clothing,West,2015-05-06 16:27:23.243243242,2015-05-11 16:27:23.243243242
100116,Second Class,5,3,2.0,201.93,25.15,Clothing,West,2016-09-23 08:25:56.756756752,2016-09-28 08:25:56.756756752
100117,Second Class,2,3,3.0,342.44,5.49,Sports,South,2015-09-26 21:48:49.729729728,2015-09-28 21:48:49.729729728
100118,Standard Class,6,3,2.0,173.59,29.29,Clothing,West,2018-11-30 07:25:24.324324320,2018-12-06 07:25:24.324324320
100119,Second Class,3,2,2.0,691.41,-25.68,Clothing,West,2017-02-19 10:05:24.324324320,2017-02-22 10:05:24.324324320
100120,First Class,2,2,5.0,75.84,7.78,Clothing,West,2016-03-05 16:04:19.459459456,2016-03-07 16:04:19.459459456
100121,Second Class,6,3,1.0,93.95,11.2,Clothing,South,2018-07-27 14:58:01.081081072,2018-08-02 14:58:01.081081072
100122,Second Class,7,3,1.0,257.0,29.46,Sports,West,2016-09-13 02:54:24.864864864,2016-09-20 02:54:24.864864864
100123,Standard Class,6,4,4.0,389.67,47.78,Clothing,South,2017-11-08 00:31:42.702702704,2017-11-14 00:31:42.702702704
100124,Standard Class,6,3,1.0,151.33,26.19,Clothing,South,2016-01-15 23:31:10.270270268,2016-01-21 23:31:10.270270268
100125,Standard Class,5,5,1.0,89.4,19.31,Sports,South,2015-12-13 08:47:34.054054052,2015-12-18 08:47:34.054054052
100126,Standard Class,4,5,2.0,541.66,52.84,Electronic Supplies,East,2017-03-27 22:58:01.081081080,2017-03-31 22:58:01.081081080
100127,Second Class,2,3,1.0,103.02,3.36,Sports,Central,2017-05-02 00:46:07.567567568,2017-05-04 00:46:07.567567568
100128,Second Class,4,3,3.0,214.95,33.29,Clothing,Central,2016-10-12 08:24:30.270270272,2016-10-16 08:24:30.270270272
100129,Standard Class,4,3,1.0,405.13,35.48,Clothing,Central,2018-06-21 02:05:24.324324320,2018-06-25 02:05:24.324324320
100130,First Class,3,1,5.0,129.41,27.33,Electronic Supplies,Central,2018-03-15 04:03:36.216216208,2018-03-18 04:03:36.216216208
100131,Standard Class,5,4,4.0,115.08,7.12,Clothing,Central,2017-05-25 09:58:11.891891888,2017-05-30 09:58:11.891891888
100132,Standard Class,4,4,3.0,120.31,4.98,Sports,East,2018-05-25 18:44:19.459459456,2018-05-29 18:44:19.459459456
100133,Standard Class,2,4,3.0,309.83,37.65,Clothing,East,2016-01-23 06:53:41.621621620,2016-01-25 06:53:41.621621620
100134,Standard Class,3,3,4.0,343.47,-10.04,Clothing,West,2018-12-25 03:41:58.918918912,2018-12-28 03:41:58.918918912
100135,Second Class,5,2,1.0,176.25,12.8,Electronic Supplies,Central,2017-02-12 02:42:52.972972968,2017-02-17 02:42:52.972972968
100136,Standard Class,2,3,4.0,586.4,49.03,Sports,West,2015-03-22 09:07:44.864864865,2015-03-24 09:07:44.864864865
100137,First Class,6,2,4.0,176.05,22.47,Sports,West,2015-06-25 09:00:32.432432432,2015-07-01 09:00:32.432432432
100138,Second Class,4,2,3.0,399.42,12.1,Clothing,West,2015-11-11 05:08:28.108108108,2015-11-15 05:08:28.108108108
100139,Standard Class,4,5,2.0,130.22,5.16,Clothing,South,2015-02-06 12:52:36.756756756,2015-02-10 12:52:36.756756756
100140,Same Day,5,0,1.0,785.99,159.2,Sports,Central,2015-04-16 05:24:19.459459460,2015-04-21 05:24:19.459459460
100141,Same Day,6,0,2.0,478.47,52.12,Sports,Central,2015-03-06 07:18:11.891891892,2015-03-12 07:18:11.891891892
100142,Standard Class,4,5,4.0,158.67,28.43,Clothing,East,2015-12-27 23:32:36.756756756,2015-12-31 23:32:36.756756756
100143,Standard Class,5,3,1.0,438.1,29.2,Clothing,Central,2017-11-19 17:07:44.864864864,2017-11-24 17:07:44.864864864
100144,Standard Class,5,4,4.0,423.94,44.79,Clothing,West,2016-02-15 16:05:45.945945944,2016-02-20 16:05:45.945945944
100145,Standard Class,3,3,1.0,473.18,,Electronic Supplies,East,2018-07-29 02:02:31.351351344,2018-08-01 02:02:31.351351344
100146,Standard Class,6,3,1.0,34.35,8.58,Sports,Central,2018-08-28 18:37:07.027027024,2018-09-03 18:37:07.027027024
100147,First Class,6,1,1.0,275.22,25.48,Electronic Supplies,Central,2018-03-29 18:48:38.918918912,2018-04-04 18:48:38.918918912
100148,First Class,5,1,1.0,245.3,23.72,Clothing,East,2015-12-23 14:19:05.945945944,2015-12-28 14:19:05.945945944
100149,Standard Class,6,4,2.0,234.21,46.34,Electronic Supplies,West,2018-04-16 07:42:42.162162160,2018-04-22 07:42:42.162162160
100150,Standard Class,6,4,1.0,198.73,15.82,Clothing,West,2016-04-14 03:05:56.756756752,2016-04-20 03:05:56.756756752
100151,Second Class,5,2,6.0,202.57,26.9,Clothing,Central,2017-07-28 17:16:23.783783776,2017-08-02 17:16:23.783783776
100152,Standard Class,6,4,3.0,397.04,75.79,Electronic Supplies,Central,2015-08-19 21:51:42.702702700,2015-08-25 21:51:42.702702700
100153,Standard Class,5,4,1.0,244.85,15.65,Clothing,Central,2018-11-28 20:20:54.054054048,2018-12-03 20:20:54.054054048
100154,Standard Class,5,5,3.0,198.54,27.25,Clothing,Central,2016-09-18 23:12:25.945945944,2016-09-23 23:12:25.945945944
100155,Same Day,5,0,5.0,361.62,90.28,Clothing,South,2018-10-07 05:38:44.324324320,2018-10-12 05:38:44.324324320
100156,Standard Class,5,4,3.0,226.27,41.57,Clothing,Central,2016-11-06 04:41:04.864864864,2016-11-11 04:41:04.864864864
100157,First Class,3,2,1.0,240.76,31.97,Sports,West,2016-03-27 14:11:53.513513512,2016-03-30 14:11:53.513513512
100158,Second Class,6,2,5.0,580.32,53.42,Sports,South,2017-10-15 15:19:38.378378368,2017-10-21 15:19:38.378378368
100159,Standard Class,6,3,4.0,130.01,8.02,Sports,Central,2015-03-29 16:30:16.216216216,2015-04-04 16:30:16.216216216
100160,Second Class,1,2,1.0,64.38,1.99,Sports,East,2018-07-15 22:21:58.918918912,2018-07-16 22:21:58.918918912
100161,Standard Class,6,3,1.0,180.74,41.71,Sports,South,2017-05-19 13:40:10.810810816,2017-05-25 13:40:10.810810816
100162,First Class,2,2,2.0,198.23,42.67,Clothing,South,2018-01-25 22:34:57.297297296,2018-01-27 22:34:57.297297296
100163,First Class,4,1,1.0,275.61,15.83,Clothing,East,2017-08-06 11:43:25.405405408,2017-08-10 11:43:25.405405408
100164,First Class,5,2,4.0,184.89,25.33,Electronic Supplies,West,2017-08-07 22:47:55.675675680,2017-08-12 22:47:55.675675680
100165,Standard Class,3,5,2.0,281.7,33.5,Clothing,South,2018-06-18 03:56:23.783783776,2018-06-21 03:56:23.783783776
100166,Second Class,6,3,5.0,878.31,179.84,Sports,East,2017-09-03 06:09:00.540540544,2017-09-09 06:09:00.540540544
100167,Standard Class,6,5,2.0,290.32,40.83,Clothing,South,2016-03-11 12:22:20.540540536,2016-03-17 12:22:20.540540536
100168,Standard Class,4,4,1.0,325.47,35.21,Sports,East,2017-10-03 22:43:36.216216208,2017-10-07 22:43:36.216216208
100169,Standard Class,1,5,1.0,158.51,10.57,Sports,East,2016-04-03 21:34:24.864864864,2016-04-04 21:34:24.864864864
100170,First Class,3,2,3.0,70.08,9.62,Clothing,South,2016-03-29 01:16:23.783783784,2016-04-01 01:16:23.783783784
100171,First Class,5,2,3.0,38.72,3.18,Clothing,South,2016-06-11 14:06:07.567567568,2016-06-16 14:06:07.567567568
100172,Standard Class,8,3,4.0,123.08,15.71,Sports,East,2016-12-01 00:57:39.459459456,2016-12-09 00:57:39.459459456
100173,First Class,5,2,1.0,32.23,3.35,Clothing,Central,2015-06-10 18:15:29.729729730,2015-06-15 18:15:29.729729730
100174,Standard Class,3,4,1.0,240.76,19.31,Clothing,West,2018-12-16 09:14:57.297297296,2018-12-19 09:14:57.297297296
100175,First Class,5,2,1.0,134.45,4.33,Sports,West,2016-12-11 06:29:11.351351352,2016-12-16 06:29:11.351351352
100176,Standard Class,4,3,3.0,73.43,11.1,Clothing,West,2016-06-14 12:15:08.108108104,2016-06-18 12:15:08.108108104
100177,First Class,5,1,1.0,187.74,21.29,Electronic Supplies,South,2016-01-07 05:04:08.648648648,2016-01-12 05:04:08.648648648
100178,Standard Class,2,3,2.0,106.69,26.99,Clothing,South,2016-01-14 12:26:40.000000000,2016-01-16 12:26:40.000000000
100179,Second Class,5,3,3.0,231.14,6.34,Clothing,East,2018-03-18 02:12:36.756756752,2018-03-23 02:12:36.756756752
100180,Standard Class,4,5,5.0,273.13,43.71,Sports,Central,2017-09-16 09:49:32.972972976,2017-09-20 09:49:32.972972976
100181,Standard Class,8,5,2.0,109.27,11.3,Clothing,East,2016-12-22 23:05:13.513513512,2016-12-30 23:05:13.513513512
100182,Standard Class,4,5,1.0,147.79,41.08,Clothing,West,2017-09-06 04:18:01.081081072,2017-09-10 04:18:01.081081072
100183,Second Class,5,3,3.0,198.28,30.52,Clothing,West,2016-07-04 23:18:11.891891888,2016-07-09 23:18:11.891891888
100184,Second Class,7,2,3.0,69.09,9.39,Clothing,East,2017-02-07 17:29:22.162162160,2017-02-14 17:29:22.162162160
100185,Standard Class,2,3,2.0,198.27,20.54,Clothing,East,2018-05-19 22:26:18.378378368,2018-05-21 22:26:18.378378368
100186,First Class,7,2,5.0,68.02,3.66,Clothing,Central,2015-07-20 05:17:07.027027026,2015-07-27 05:17:07.027027026
100187,Second Class,5,2,4.0,249.07,33.6,Clothing,Central,2016-06-02 19:39:05.945945944,2016-06-07 19:39:05.945945944
100188,First Class,2,2,1.0,129.95,-0.08,Clothing,East,2016-06-17 10:24:08.648648648,2016-06-19 10:24:08.648648648
100189,First Class,3,2,1.0,67.78,0.21,Sports,Central,2018-10-08 16:43:14.594594592,2018-10-11 16:43:14.594594592
100190,Standard Class,5,5,2.0,118.28,22.59,Sports,East,2017-12-30 15:13:52.432432432,2018-01-04 15:13:52.432432432
100191,Standard Class,2,3,4.0,121.57,-3.77,Clothing,East,2018-10-17 11:10:16.216216208,2018-10-19 11:10:16.216216208
100192,Second Class,5,3,1.0,345.34,29.16,Sports,West,2018-04-26 13:14:14.054054048,2018-05-01 13:14:14.054054048
100193,Second Class,4,3,3.0,192.99,5.03,Electronic Supplies,Central,2017-08-16 17:14:57.297297296,2017-08-20 17:14:57.297297296
100194,First Class,5,1,3.0,92.61,7.21,Sports,South,2015-10-18 19:56:23.783783784,2015-10-23 19:56:23.783783784
100195,Standard Class,2,4,1.0,503.66,62.84,Sports,West,2015-11-08 06:59:27.567567568,2015-11-10 06:59:27.567567568
100196,Standard Class,6,3,3.0,259.1,48.91,Clothing,West,2016-08-19 06:37:50.270270272,2016-08-25 06:37:50.270270272
100197,Second Class,8,3,5.0,138.57,28.74,Electronic Supplies,West,2016-04-30 04:55:29.729729728,2016-05-08 04:55:29.729729728
100198,Second Class,8,3,1.0,62.8,2.29,Clothing,Central,2015-10-31 23:36:56.216216216,2015-11-08 23:36:56.216216216
100199,Second Class,5,3,2.0,130.85,9.52,Clothing,East,2017-06-14 21:01:15.675675680,2017-06-19 21:01:15.675675680
100200,Second Class,3,3,2.0,149.41,64.87,Sports,South,2015-04-24 23:51:21.081081080,2015-04-27 23:51:21.081081080
100201,First Class,5,2,5.0,219.18,19.73,Clothing,West,2015-02-12 09:10:37.837837837,2015-02-17 09:10:37.837837837
100202,Standard Class,1,4,6.0,255.88,10.09,Clothing,South,2017-02-20 21:09:54.594594592,2017-02-21 21:09:54.594594592
100203,Standard Class,1,4,2.0,291.28,15.36,Sports,West,2017-10-12 17:10:37.837837840,2017-10-13 17:10:37.837837840
100204,Second Class,4,2,3.0,60.49,5.47,Sports,Central,2017-03-25 00:49:00.540540536,2017-03-29 00:49:00.540540536
100205,First Class,4,2,2.0,197.46,15.52,Sports,Central,2018-05-06 18:45:45.945945936,2018-05-10 18:45:45.945945936
100206,Standard Class,5,5,2.0,155.44,14.18,Electronic Supplies,West,2017-05-21 00:44:41.081081072,2017-05-26 00:44:41.081081072
100207,Standard Class,5,5,1.0,983.07,106.45,Clothing,East,2015-08-30 03:23:14.594594592,2015-09-04 03:23:14.594594592
100208,First Class,4,2,1.0,179.84,19.37,Clothing,Central,2018-09-03 14:55:08.108108096,2018-09-07 14:55:08.108108096
100209,Standard Class,3,4,1.0,115.04,3.86,Sports,South,2016-12-24 10:09:43.783783784,2016-12-27 10:09:43.783783784
100210,Standard Class,9,5,2.0,185.26,25.85,Clothing,East,2018-04-19 05:51:42.702702704,2018-04-28 05:51:42.702702704
100211,First Class,4,1,1.0,171.47,20.52,Sports,East,2015-04-05 23:52:47.567567567,2015-04-09 23:52:47.567567567
100212,First Class,4,2,5.0,47.33,7.09,Clothing,South,2015-07-26 01:35:08.108108108,2015-07-30 01:35:08.108108108
100213,First Class,3,1,1.0,224.84,-6.11,Clothing,South,2018-09-13 20:26:40.000000000,2018-09-16 20:26:40.000000000
100214,Standard Class,6,5,1.0,140.91,17.27,Clothing,East,2018-04-23 15:05:13.513513504,2018-04-29 15:05:13.513513504
100215,Second Class,5,3,2.0,169.47,-8.28,Sports,South,2017-08-15 06:10:27.027027024,2017-08-20 06:10:27.027027024
100216,Standard Class,3,4,3.0,97.73,9.38,Clothing,South,2016-04-28 17:50:59.459459456,2016-05-01 17:50:59.459459456
100217,Standard Class,2,5,1.0,84.69,13.77,Clothing,East,2017-08-28 09:50:59.459459456,2017-08-30 09:50:59.459459456
100218,Second Class,5,2,2.0,305.29,59.12,Clothing,Central,2015-12-30 21:41:37.297297296,2016-01-04 21:41:37.297297296
100219,First Class,5,2,6.0,354.43,48.47,Clothing,Central,2018-08-18 13:05:35.135135136,2018-08-23 13:05:35.135135136
100220,Second Class,3,3,1.0,226.28,37.12,Clothing,East,2017-10-31 17:09:11.351351344,2017-11-03 17:09:11.351351344
100221,First Class,7,1,2.0,53.14,4.57,Clothing,East,2016-03-21 17:53:52.432432432,2016-03-28 17:53:52.432432432
100222,First Class,3,2,4.0,236.04,16.35,Clothing,South,2017-12-08 17:06:18.378378368,2017-12-11 17:06:18.378378368
100223,Standard Class,4,4,1.0,53.66,17.46,Clothing,West,2018-11-25 22:11:53.513513504,2018-11-29 22:11:53.513513504
100224,Standard Class,7,5,2.0,112.19,19.76,Clothing,West,2015-03-13 14:40:43.243243243,2015-03-20 14:40:43.243243243
100225,Standard Class,4,3,2.0,302.66,4.89,Sports,South,2018-08-02 11:16:02.162162160,2018-08-06 11:16:02.162162160
100226,Standard Class,5,5,2.0,264.39,-7.61,Electronic Supplies,South,2015-01-03 22:09:00.540540540,2015-01-08 22:09:00.540540540
100227,Same Day,4,0,1.0,232.07,16.89,Clothing,East,2017-03-06 00:50:27.027027024,2017-03-10 00:50:27.027027024
100228,Standard Class,3,3,1.0,404.8,83.13,Clothing,Central,2016-05-26 12:16:34.594594592,2016-05-29 12:16:34.594594592
100229,Second Class,8,2,2.0,248.14,28.26,Clothing,West,2018-08-14 03:52:04.324324320,2018-08-22 03:52:04.324324320
100230,First Class,4,2,1.0,46.42,-3.15,Sports,East,2017-02-22 08:14:24.864864864,2017-02-26 08:14:24.864864864
100231,Second Class,6,2,4.0,135.61,12.99,Clothing,East,2016-05-17 17:49:32.972972968,2016-05-23 17:49:32.972972968
100232,First Class,3,1,2.0,167.83,18.43,Clothing,West,2018-12-23 16:37:28.648648640,2018-12-26 16:37:28.648648640
100233,First Class,3,2,2.0,155.53,-12.95,Sports,South,2016-12-03 23:06:40.000000000,2016-12-06 23:06:40.000000000
100234,Standard Class,2,3,5.0,115.45,12.92,Clothing,East,2017-04-20 08:10:05.405405408,2017-04-22 08:10:05.405405408
100235,Standard Class,5,4,3.0,88.27,2.55,Sports,West,2015-02-18 05:28:38.918918919,2015-02-23 05:28:38.918918919
100236,Second Class,4,2,1.0,820.97,-30.25,Sports,Central,2015-02-15 07:19:38.378378378,2015-02-19 07:19:38.378378378
100237,Standard Class,6,4,5.0,133.93,31.92,Sports,West,2015-12-04 14:20:32.432432432,2015-12-10 14:20:32.432432432
100238,Standard Class,4,5,1.0,795.16,20.19,Clothing,Central,2018-11-08 09:17:50.270270272,2018-11-12 09:17:50.270270272
100239,First Class,8,2,1.0,82.12,4.65,Electronic Supplies,South,2015-10-08 14:24:51.891891892,2015-10-16 14:24:51.891891892
100240,Standard Class,3,4,3.0,264.3,14.68,Sports,Central,2016-05-01 16:00:00.000000000,2016-05-04 16:00:00.000000000
100241,Second Class,6,3,2.0,200.19,22.06,Clothing,West,2015-01-05 09:13:30.810810810,2015-01-11 09:13:30.810810810
100242,Same Day,5,0,2.0,94.7,23.8,Clothing,Central,2015-10-26 03:18:55.135135136,2015-10-31 03:18:55.135135136
100243,Second Class,5,2,1.0,127.24,1.82,Clothing,Central,2017-01-21 04:35:18.918918920,2017-01-26 04:35:18.918918920
100244,Standard Class,6,3,2.0,170.74,14.59,Electronic Supplies,East,2018-03-13 16:59:05.945945936,2018-03-19 16:59:05.945945936
100245,Standard Class,5,5,1.0,99.62,11.92,Electronic Supplies,East,2016-03-23 04:58:22.702702704,2016-03-28 04:58:22.702702704
100246,Second Class,5,2,,145.99,5.91,Sports,Central,2015-06-09 07:10:59.459459458,2015-06-14 07:10:59.459459458
100247,Standard Class,3,4,1.0,37.07,3.12,Electronic Supplies,East,2016-09-20 10:16:56.216216216,2016-09-23 10:16:56.216216216
100248,Same Day,2,0,4.0,273.82,43.14,Clothing,West,2015-04-23 12:46:50.810810810,2015-04-25 12:46:50.810810810
100249,Same Day,7,0,2.0,382.85,18.97,Clothing,West,2015-05-03 18:18:22.702702702,2015-05-10 18:18:22.702702702
100250,Second Class,5,3,4.0,231.68,19.21,Electronic Supplies,Central,2016-02-22 23:28:17.297297296,2016-02-27 23:28:17.297297296
100251,Standard Class,6,4,3.0,751.27,56.71,Sports,West,2015-04-30 20:09:22.162162162,2015-05-06 20:09:22.162162162
100252,Standard Class,4,3,3.0,268.64,27.32,Clothing,Central,2018-12-19 07:23:57.837837840,2018-12-23 07:23:57.837837840
100253,Second Class,2,2,2.0,362.43,46.92,Sports,East,2018-02-27 02:14:03.243243232,2018-03-01 02:14:03.243243232
100254,Standard Class,2,4,1.0,385.65,60.52,Electronic Supplies,Central,2018-07-30 13:07:01.621621616,2018-08-01 13:07:01.621621616
100255,Standard Class,5,5,1.0,28.84,7.64,Sports,West,2016-08-04 15:52:47.567567568,2016-08-09 15:52:47.567567568
100256,First Class,4,2,4.0,227.1,-23.32,Electronic Supplies,Central,2016-04-17 01:14:57.297297296,2016-04-21 01:14:57.297297296
100257,Second Class,3,3,4.0,70.18,6.78,Sports,South,2017-01-28 11:57:50.270270264,2017-01-31 11:57:50.270270264
100258,First Class,4,2,2.0,80.03,0.07,Clothing,East,2018-08-31 16:46:07.567567568,2018-09-04 16:46:07.567567568
100259,First Class,2,1,1.0,89.61,7.09,Electronic Supplies,Central,2018-09-09 11:13:09.189189184,2018-09-11 11:13:09.189189184
100260,Standard Class,5,3,2.0,140.71,25.39,Clothing,Central,2015-01-08 07:22:31.351351351,2015-01-13 07:22:31.351351351
100261,First Class,3,1,3.0,263.17,54.17,Electronic Supplies,South,2017-12-04 07:52:47.567567568,2017-12-07 07:52:47.567567568
100262,Same Day,6,0,2.0,228.63,47.92,Clothing,West,2016-11-10 13:54:35.675675672,2016-11-16 13:54:35.675675672
100263,Standard Class,4,4,4.0,171.03,35.72,Sports,West,2015-05-22 18:16:56.216216216,2015-05-26 18:16:56.216216216
100264,First Class,4,1,6.0,275.82,26.5,Clothing,South,2016-01-24 17:58:11.891891892,2016-01-28 17:58:11.891891892
100265,Second Class,1,3,1.0,286.94,63.67,Clothing,South,2016-06-05 17:48:06.486486488,2016-06-06 17:48:06.486486488
100266,Second Class,2,2,2.0,229.91,54.66,Clothing,West,2018-06-22 13:09:54.594594592,2018-06-24 13:09:54.594594592
100267,First Class,4,1,2.0,56.21,6.81,Electronic Supplies,Central,2018-03-12 05:54:35.675675664,2018-03-16 05:54:35.675675664
100268,Second Class,4,2,2.0,106.64,21.77,Electronic Supplies,South,2016-07-09 08:31:42.702702704,2016-07-13 08:31:42.702702704
100269,Standard Class,5,4,1.0,175.41,19.87,Clothing,Central,2017-07-11 04:22:20.540540544,2017-07-16 04:22:20.540540544
100270,Standard Class,3,3,1.0,277.76,61.89,Electronic Supplies,West,2016-07-10 19:36:12.972972968,2016-07-13 19:36:12.972972968
100271,Second Class,5,2,4.0,72.71,7.06,Electronic Supplies,West,2016-12-17 02:47:12.432432432,2016-12-22 02:47:12.432432432
100272,Second Class,6,2,2.0,171.16,10.48,Sports,West,2015-06-22 10:51:31.891891892,2015-06-28 10:51:31.891891892
100273,Second Class,5,2,2.0,62.32,1.27,Clothing,East,2018-08-08 07:34:03.243243232,2018-08-13 07:34:03.243243232
100274,Second Class,2,3,5.0,335.91,32.28,Electronic Supplies,West,2016-01-01 08:46:07.567567568,2016-01-03 08:46:07.567567568
100275,First Class,4,1,4.0,201.85,23.57,Sports,South,2017-02-03 08:15:51.351351352,2017-02-07 08:15:51.351351352
100276,First Class,2,1,1.0,71.88,2.47,Electronic Supplies,Central,2015-01-14 03:40:32.432432432,2015-01-16 03:40:32.432432432
100277,Second Class,3,2,2.0,71.57,6.44,Electronic Supplies,East,2015-10-14 10:42:52.972972972,2015-10-17 10:42:52.972972972
100278,First Class,8,2,2.0,221.81,15.06,Electronic Supplies,West,2017-05-31 06:16:12.972972976,2017-06-08 06:16:12.972972976
100279,Second Class,3,2,4.0,421.42,10.05,Sports,South,2015-04-29 09:04:51.891891892,2015-05-02 09:04:51.891891892
100280,Second Class,4,2,3.0,84.53,16.3,Clothing,Central,2018-02-18 07:47:01.621621616,2018-02-22 07:47:01.621621616
100281,Second Class,5,3,3.0,287.52,59.5,Clothing,Central,2017-05-07 21:04:08.648648640,2017-05-12 21:04:08.648648640
100282,Standard Class,5,5,2.0,121.21,23.33,Clothing,Central,2018-03-10 18:50:05.405405408,2018-03-15 18:50:05.405405408
100283,Standard Class,4,3,4.0,294.44,30.41,Clothing,Central,2015-12-16 06:56:34.594594592,2015-12-20 06:56:34.594594592
100284,Standard Class,1,3,1.0,268.83,29.09,Sports,South,2016-02-28 19:46:18.378378376,2016-02-29 19:46:18.378378376
100285,First Class,4,1,1.0,190.75,4.76,Sports,West,2015-11-05 08:50:27.027027028,2015-11-09 08:50:27.027027028
100286,Standard Class,4,4,2.0,52.33,7.49,Electronic Supplies,West,2017-11-13 20:49:43.783783776,2017-11-17 20:49:43.783783776
100287,Standard Class,2,5,1.0,268.48,33.18,Clothing,East,2016-06-08 15:57:07.027027024,2016-06-10 15:57:07.027027024
100288,First Class,4,1,1.0,238.96,80.65,Sports,West,2016-10-18 04:42:31.351351352,2016-10-22 04:42:31.351351352
100289,Standard Class,2,3,4.0,225.15,44.35,Clothing,Central,2015-11-28 18:02:31.351351352,2015-11-30 18:02:31.351351352
100290,First Class,2,2,5.0,195.82,26.48,Clothing,East,2018-10-20 09:19:16.756756752,2018-10-22 09:19:16.756756752
100291,Standard Class,4,5,2.0,97.4,10.39,Clothing,East,2018-10-14 13:01:15.675675664,2018-10-18 13:01:15.675675664
100292,Standard Class,3,4,1.0,348.6,66.27,Sports,Central,2018-03-09 07:45:35.135135136,2018-03-12 07:45:35.135135136
100293,Second Class,5,3,1.0,309.14,11.36,Clothing,East,2017-01-02 04:36:45.405405400,2017-01-07 04:36:45.405405400
100294,Standard Class,5,3,1.0,85.71,17.24,Sports,East,2016-11-09 02:50:05.405405400,2016-11-14 02:50:05.405405400
100295,Standard Class,6,5,1.0,405.16,9.33,Clothing,Central,2016-06-13 01:10:37.837837840,2016-06-19 01:10:37.837837840
100296,First Class,3,2,5.0,187.84,12.22,Electronic Supplies,Central,2016-11-14 23:08:06.486486488,2016-11-17 23:08:06.486486488
100297,Second Class,3,2,1.0,187.53,-6.95,Electronic Supplies,West,2018-09-28 11:11:42.702702704,2018-10-01 11:11:42.702702704
100298,Standard Class,2,3,2.0,153.76,24.47,Electronic Supplies,Central,2016-09-17 12:07:55.675675672,2016-09-19 12:07:55.675675672
100299,First Class,5,1,1.0,163.91,21.31,Electronic Supplies,South,2015-01-11 05:31:31.891891891,2015-01-16 05:31:31.891891891
100300,Standard Class,5,4,4.0,420.35,27.36,Electronic Supplies,Central,2015-08-15 12:38:11.891891892,2015-08-20 12:38:11.891891892
100301,Standard Class,2,3,3.0,337.48,12.04,Electronic Supplies,West,2017-03-01 15:36:56.216216216,2017-03-03 15:36:56.216216216
100302,First Class,7,2,5.0,332.85,73.33,Sports,South,2016-10-05 01:01:58.918918920,2016-10-12 01:01:58.918918920
100303,First Class,2,2,4.0,194.41,19.31,Clothing,South,2016-12-05 10:11:10.270270272,2016-12-07 10:11:10.270270272
100304,First Class,4,2,2.0,307.34,14.94,Clothing,South,2016-09-08 17:40:54.054054056,2016-09-12 17:40:54.054054056
100305,Second Class,5,3,1.0,100.25,26.44,Clothing,Central,2018-02-11 00:24:30.270270272,2018-02-16 00:24:30.270270272
100306,Same Day,6,0,3.0,251.95,14.47,Sports,East,2018-10-18 22:14:46.486486480,2018-10-24 22:14:46.486486480
100307,First Class,5,2,2.0,156.06,31.38,Clothing,East,2016-05-03 03:04:30.270270272,2016-05-08 03:04:30.270270272
100308,Standard Class,6,3,2.0,45.2,0.81,Electronic Supplies,Central,2017-04-21 19:14:35.675675680,2017-04-27 19:14:35.675675680
100309,Second Class,4,2,1.0,61.5,5.02,Electronic Supplies,Central,2018-09-27 00:07:12.432432432,2018-10-01 00:07:12.432432432
100310,Standard Class,6,4,1.0,112.06,16.83,Clothing,South,2017-04-08 15:34:03.243243240,2017-04-14 15:34:03.243243240
100311,Standard Class,2,5,2.0,225.85,23.8,Clothing,West,2017-05-18 02:35:40.540540544,2017-05-20 02:35:40.540540544
100312,Standard Class,6,3,2.0,112.13,14.52,Electronic Supplies,West,2017-02-13 13:47:23.243243240,2017-02-19 13:47:23.243243240
100313,Standard Class,4,5,3.0,117.42,7.85,Clothing,South,2017-04-29 02:37:07.027027024,2017-05-03 02:37:07.027027024
100314,Same Day,6,0,1.0,283.19,-5.05,Sports,West,2017-10-30 06:04:41.081081072,2017-11-05 06:04:41.081081072
100315,Second Class,4,2,2.0,120.21,27.32,Clothing,West,2016-10-16 17:38:01.081081080,2016-10-20 17:38:01.081081080
100316,First Class,5,1,1.0,409.54,29.39,Sports,West,2016-10-24 01:00:32.432432432,2016-10-29 01:00:32.432432432
100317,Standard Class,4,4,1.0,367.72,48.95,Clothing,Central,2015-11-30 05:07:01.621621620,2015-12-04 05:07:01.621621620
100318,Standard Class,5,3,2.0,174.9,29.06,Electronic Supplies,East,2016-05-29 10:25:35.135135136,2016-06-03 10:25:35.135135136
100319,Standard Class,2,4,1.0,281.39,37.9,Sports,South,2017-11-29 22:39:16.756756752,2017-12-01 22:39:16.756756752
100320,Standard Class,2,5,1.0,257.55,13.73,Clothing,South,2015-11-06 19:54:57.297297296,2015-11-08 19:54:57.297297296
100321,First Class,3,1,2.0,146.98,29.8,Clothing,South,2015-04-26 10:55:51.351351350,2015-04-29 10:55:51.351351350
100322,Second Class,3,3,1.0,301.89,45.61,Clothing,East,2015-08-05 07:06:40.000000000,2015-08-08 07:06:40.000000000
100323,First Class,6,2,1.0,332.22,,Electronic Supplies,South,2016-03-17 08:40:21.621621624,2016-03-23 08:40:21.621621624
100324,Standard Class,3,4,1.0,92.84,11.52,Sports,Central,2017-07-06 19:08:49.729729728,2017-07-09 19:08:49.729729728
100325,Same Day,8,0,1.0,190.53,46.6,Clothing,Central,2018-02-09 13:20:00.000000000,2018-02-17 13:20:00.000000000
100326,Second Class,4,3,1.0,189.17,9.76,Clothing,East,2017-01-09 11:59:16.756756752,2017-01-13 11:59:16.756756752
100327,First Class,3,1,3.0,299.54,42.9,Sports,East,2016-05-14 19:40:32.432432432,2016-05-17 19:40:32.432432432
100328,First Class,6,2,1.0,129.22,8.75,Sports,Central,2016-12-09 19:24:41.081081080,2016-12-15 19:24:41.081081080
100329,Standard Class,5,3,1.0,116.92,-5.25,Sports,East,2017-11-05 02:22:42.162162160,2017-11-10 02:22:42.162162160
100330,Standard Class,4,5,2.0,192.45,-9.05,Clothing,Central,2015-07-14 08:59:05.945945946,2015-07-18 08:59:05.945945946
100331,Standard Class,4,3,3.0,371.62,10.71,Sports,East,2017-10-24 09:46:40.000000000,2017-10-28 09:46:40.000000000
100332,Second Class,5,2,4.0,79.08,4.53,Sports,West,2016-03-30 12:20:54.054054056,2016-04-04 12:20:54.054054056
100333,Standard Class,3,3,3.0,88.58,25.14,Electronic Supplies,West,2017-11-21 04:12:15.135135136,2017-11-24 04:12:15.135135136
100334,Standard Class,9,4,3.0,122.94,20.39,Electronic Supplies,Central,2017-07-08 06:13:20.000000000,2017-07-17 06:13:20.000000000
100335,Standard Class,8,5,2.0,138.01,23.89,Sports,East,2015-01-01 00:00:00.000000000,2015-01-09 00:00:00.000000000
100336,Standard Class,5,5,3.0,54.73,3.23,Sports,West,2016-04-06 19:43:25.405405400,2016-04-11 19:43:25.405405400
100337,Second Class,3,3,2.0,456.61,52.47,Clothing,East,2017-10-28 19:00:10.810810800,2017-10-31 19:00:10.810810800
100338,Second Class,5,2,1.0,158.43,46.66,Electronic Supplies,East,2017-03-10 10:03:57.837837832,2017-03-15 10:03:57.837837832
100339,Standard Class,2,5,1.0,143.73,1.85,Clothing,West,2018-06-28 09:27:55.675675664,2018-06-30 09:27:55.675675664
100340,Standard Class,2,3,1.0,495.08,72.53,Clothing,South,2017-02-16 11:56:23.783783784,2017-02-18 11:56:23.783783784
100341,Standard Class,3,4,5.0,274.94,65.68,Clothing,Central,2016-11-28 02:48:38.918918920,2016-12-01 02:48:38.918918920
100342,Standard Class,4,3,2.0,121.75,22.8,Electronic Supplies,East,2016-08-13 10:19:49.189189184,2016-08-17 10:19:49.189189184
100343,Standard Class,6,4,3.0,191.9,48.77,Clothing,East,2015-09-09 08:54:46.486486484,2015-09-15 08:54:46.486486484
100344,Standard Class,5,4,2.0,167.82,21.32,Clothing,West,2015-07-02 16:23:03.783783784,2015-07-07 16:23:03.783783784
100345,Standard Class,5,4,2.0,442.05,69.97,Clothing,Central,2016-07-29 19:34:46.486486488,2016-08-03 19:34:46.486486488
100346,First Class,4,2,1.0,154.65,18.37,Clothing,Central,2016-09-05 19:31:53.513513512,2016-09-09 19:31:53.513513512
100347,First Class,4,1,1.0,67.54,10.31,Clothing,Central,2017-03-17 17:26:29.189189184,2017-03-21 17:26:29.189189184
100348,Standard Class,4,3,4.0,50.9,1.87,Electronic Supplies,South,2018-08-12 16:47:34.054054048,2018-08-16 16:47:34.054054048
100349,Standard Class,8,4,3.0,449.82,77.99,Electronic Supplies,West,2015-05-12 12:45:24.324324324,2015-05-20 12:45:24.324324324
100350,First Class,2,1,2.0,103.28,13.79,Clothing,West,2018-10-04 07:29:43.783783776,2018-10-06 07:29:43.783783776
100351,First Class,6,2,4.0,266.57,30.66,Electronic Supplies,South,2015-09-22 12:35:18.918918920,2015-09-28 12:35:18.918918920
100352,Second Class,5,2,1.0,180.67,45.12,Sports,Central,2016-02-05 10:34:14.054054052,2016-02-10 10:34:14.054054052
100353,First Class,4,1,6.0,131.52,11.67,Clothing,South,2018-08-01 00:11:31.891891888,2018-08-05 00:11:31.891891888
100354,Standard Class,5,5,2.0,145.63,30.09,Sports,West,2015-04-11 20:10:48.648648648,2015-04-16 20:10:48.648648648
100355,Standard Class,4,4,2.0,482.6,103.56,Electronic Supplies,East,2016-03-01 06:50:48.648648648,2016-03-05 06:50:48.648648648
100356,First Class,6,1,2.0,67.27,12.0,Clothing,South,2015-07-11 10:50:05.405405404,2015-07-17 10:50:05.405405404
100357,Standard Class,7,4,1.0,134.13,4.4,Clothing,South,2016-03-14 10:31:21.081081080,2016-03-21 10:31:21.081081080
100358,First Class,4,2,1.0,310.84,43.12,Electronic Supplies,South,2016-09-11 15:49:54.594594592,2016-09-15 15:49:54.594594592
100359,Second Class,3,3,3.0,74.89,19.97,Sports,Central,2016-04-21 10:28:28.108108104,2016-04-24 10:28:28.108108104
100360,First Class,5,1,4.0,405.95,-14.4,Clothing,South,2015-07-30 10:48:38.918918920,2015-08-04 10:48:38.918918920
100361,Standard Class,7,3,4.0,307.96,29.25,Sports,South,2016-09-10 04:45:24.324324320,2016-09-17 04:45:24.324324320
100362,First Class,3,1,1.0,205.75,41.76,Clothing,East,2017-04-27 15:32:36.756756752,2017-04-30 15:32:36.756756752
100363,Standard Class,5,5,2.0,124.33,12.53,Electronic Supplies,Central,2015-07-17 07:08:06.486486486,2015-07-22 07:08:06.486486486
100364,First Class,5,1,1.0,68.89,12.04,Sports,Central,2016-10-19 15:47:01.621621616,2016-10-24 15:47:01.621621616
100365,Second Class,5,3,1.0,273.03,60.81,Clothing,South,2015-08-28 16:18:44.324324324,2015-09-02 16:18:44.324324324
100366,Standard Class,3,5,3.0,1029.28,132.32,Sports,West,2015-02-10 22:06:07.567567567,2015-02-13 22:06:07.567567567
100367,Same Day,5,0,2.0,189.58,28.57,Sports,East,2018-02-03 17:01:58.918918912,2018-02-08 17:01:58.918918912
100368,Second Class,7,3,1.0,52.62,6.17,Clothing,Central,2015-10-10 01:29:22.162162160,2015-10-17 01:29:22.162162160
100369,Standard Class,3,5,1.0,232.15,31.07,Sports,Central,2016-07-21 01:07:44.864864864,2016-07-24 01:07:44.864864864
100370,Standard Class,3,5,6.0,301.62,83.91,Electronic Supplies,West,2018-05-30 03:57:50.270270272,2018-06-02 03:57:50.270270272
100371,Standard Class,8,4,1.0,94.95,9.96,Clothing,East,2015-09-04 23:41:15.675675676,2015-09-12 23:41:15.675675676
100372,Standard Class,3,5,2.0,113.34,9.27,Sports,South,2017-10-27 07:55:40.540540544,2017-10-30 07:55:40.540540544
100373,Standard Class,6,4,2.0,106.08,20.51,Clothing,West,2015-07-24 14:30:37.837837838,2015-07-30 14:30:37.837837838
100374,First Class,4,1,1.0,122.07,5.2,Clothing,West,2015-09-10 19:59:16.756756756,2015-09-14 19:59:16.756756756
100375,Standard Class,3,3,1.0,154.18,9.38,Clothing,Central,2015-01-09 18:27:01.621621621,2015-01-12 18:27:01.621621621
100376,Standard Class,6,3,2.0,98.54,6.04,Clothing,Central,2017-12-24 18:55:51.351351344,2017-12-30 18:55:51.351351344
100377,Second Class,4,2,3.0,77.22,6.91,Electronic Supplies,East,2016-11-29 13:53:09.189189184,2016-12-03 13:53:09.189189184
100378,Standard Class,4,3,2.0,193.13,17.97,Clothing,East,2015-04-17 16:28:49.729729730,2015-04-21 16:28:49.729729730
100379,Second Class,4,2,3.0,153.13,25.41,Sports,Central,2018-08-22 22:19:05.945945936,2018-08-26 22:19:05.945945936
100380,Standard Class,5,3,6.0,129.86,10.73,Clothing,South,2018-04-03 04:02:09.729729728,2018-04-08 04:02:09.729729728
100381,Standard Class,3,5,3.0,182.01,30.79,Electronic Supplies,East,2015-12-14 19:52:04.324324324,2015-12-17 19:52:04.324324324
100382,First Class,4,1,2.0,64.19,11.5,Sports,Central,2015-07-31 21:53:09.189189188,2015-08-04 21:53:09.189189188
100383,First Class,8,1,2.0,204.61,11.81,Sports,Central,2018-03-03 11:27:34.054054048,2018-03-11 11:27:34.054054048
100384,Second Class,3,3,3.0,131.6,23.35,Clothing,Central,2015-12-08 23:34:03.243243244,2015-12-11 23:34:03.243243244
100385,Second Class,5,3,3.0,201.48,37.21,Clothing,South,2015-11-18 12:30:59.459459460,2015-11-23 12:30:59.459459460
100386,Second Class,4,2,2.0,223.58,-6.9,Clothing,Central,2018-09-10 22:17:39.459459456,2018-09-14 22:17:39.459459456
100387,Standard Class,5,3,3.0,359.69,48.01,Electronic Supplies,East,2016-12-31 17:32:15.135135136,2017-01-05 17:32:15.135135136
100388,Standard Class,3,4,1.0,184.37,12.81,Clothing,West,2015-07-12 21:54:35.675675676,2015-07-15 21:54:35.675675676
100389,Second Class,8,3,2.0,344.94,73.9,Sports,Central,2018-12-17 20:19:27.567567568,2018-12-25 20:19:27.567567568
100390,Second Class,4,3,1.0,139.88,9.61,Sports,Central,2018-02-05 04:06:29.189189184,2018-02-09 04:06:29.189189184
100391,Same Day,3,0,1.0,144.28,0.41,Clothing,Central,2015-09-28 08:53:20.000000000,2015-10-01 08:53:20.000000000
100392,Standard Class,2,4,1.0,162.54,17.49,Sports,East,2015-03-01 22:04:41.081081081,2015-03-03 22:04:41.081081081
100393,Standard Class,3,3,3.0,285.2,10.91,Sports,Central,2017-10-14 04:15:08.108108112,2017-10-17 04:15:08.108108112
100394,Second Class,4,2,2.0,259.85,46.24,Sports,Central,2015-06-07 20:06:29.189189188,2015-06-11 20:06:29.189189188
100395,Standard Class,4,3,1.0,188.25,8.53,Clothing,South,2017-05-09 08:08:38.918918912,2017-05-13 08:08:38.918918912
100396,Second Class,6,2,2.0,77.63,8.43,Clothing,Central,2015-03-23 20:12:15.135135135,2015-03-29 20:12:15.135135135
100397,Second Class,4,3,2.0,256.85,60.02,Clothing,West,2016-08-14 21:24:19.459459456,2016-08-18 21:24:19.459459456
100398,Standard Class,3,3,1.0,98.5,19.49,Electronic Supplies,West,2016-10-07 23:10:59.459459456,2016-10-10 23:10:59.459459456
100399,Second Class,5,2,3.0,95.08,14.09,Sports,East,2018-01-11 07:49:54.594594592,2018-01-16 07:49:54.594594592
100400,Second Class,5,2,4.0,82.27,8.21,Clothing,East,2018-12-28 01:50:59.459459456,2019-01-02 01:50:59.459459456
100401,Standard Class,-2,3,4.0,163.36,22.97,Electronic Supplies,Central,2015-02-05 01:48:06.486486486,2015-02-08 01:48:06.486486486
100402,Second Class,3,3,3.0,379.03,62.58,Clothing,West,2016-11-13 12:03:36.216216216,2016-11-16 12:03:36.216216216
100403,First Class,2,2,2.0,92.07,2.86,Electronic Supplies,West,2017-02-26 17:27:55.675675672,2017-02-28 17:27:55.675675672
100404,Second Class,5,3,1.0,513.41,91.44,Electronic Supplies,West,2017-02-15 00:51:53.513513512,2017-02-20 00:51:53.513513512
100405,Standard Class,5,5,1.0,311.49,6.81,Electronic Supplies,Central,2017-06-22 04:23:47.027027024,2017-06-27 04:23:47.027027024
100406,Second Class,4,3,1.0,66.55,10.37,Electronic Supplies,South,2017-10-11 06:06:07.567567568,2017-10-15 06:06:07.567567568
100407,Standard Class,6,3,6.0,134.45,2.88,Clothing,Central,2018-09-15 07:31:10.270270272,2018-09-21 07:31:10.270270272
100408,Standard Class,6,4,1.0,87.69,23.42,Clothing,East,2016-05-08 23:22:31.351351352,2016-05-14 23:22:31.351351352
100409,Second Class,5,2,1.0,265.66,45.45,Sports,East,2015-03-16 12:49:43.783783784,2015-03-21 12:49:43.783783784
100410,Standard Class,6,5,4.0,90.71,-1.31,Clothing,Central,2017-01-10 23:03:47.027027024,2017-01-16 23:03:47.027027024
100411,Standard Class,3,5,5.0,60.12,6.61,Clothing,East,2017-01-24 02:44:19.459459456,2017-01-27 02:44:19.459459456
100412,Same Day,2,0,3.0,139.53,9.53,Sports,West,2018-09-06 13:04:08.648648640,2018-09-08 13:04:08.648648640
100413,Same Day,3,0,1.0,368.75,21.69,Clothing,South,2018-02-15 09:38:01.081081072,2018-02-18 09:38:01.081081072
100414,First Class,2,2,1.0,152.15,18.53,Electronic Supplies,South,2016-01-21 19:49:11.351351352,2016-01-23 19:49:11.351351352
100415,First Class,4,2,2.0,223.41,7.99,Electronic Supplies,East,2018-04-09 00:20:10.810810800,2018-04-13 00:20:10.810810800
100416,Standard Class,7,3,1.0,229.11,39.16,Electronic Supplies,West,2017-11-03 15:18:11.891891888,2017-11-10 15:18:11.891891888
100417,Standard Class,2,3,1.0,64.52,10.73,Sports,Central,2017-09-23 17:12:04.324324320,2017-09-25 17:12:04.324324320
100418,Standard Class,2,4,2.0,96.1,13.27,Electronic Supplies,East,2018-04-30 22:27:44.864864864,2018-05-02 22:27:44.864864864
100419,First Class,4,1,5.0,173.16,18.78,Electronic Supplies,Central,2017-01-27 00:53:20.000000000,2017-01-31 00:53:20.000000000
100420,Second Class,7,2,2.0,120.03,19.54,Sports,East,2016-10-15 06:33:30.810810808,2016-10-22 06:33:30.810810808
100421,Second Class,4,2,3.0,522.12,90.49,Clothing,East,2015-01-27 07:21:04.864864865,2015-01-31 07:21:04.864864865
100422,Second Class,4,2,3.0,77.6,11.36,Electronic Supplies,East,2017-11-10 22:40:43.243243232,2017-11-14 22:40:43.243243232
100423,Standard Class,2,3,1.0,95.49,0.48,Electronic Supplies,West,2016-12-06 21:15:40.540540536,2016-12-08 21:15:40.540540536
100424,Standard Class,3,5,3.0,208.27,9.77,Clothing,South,2017-04-10 02:38:33.513513512,2017-04-13 02:38:33.513513512
100425,Standard Class,8,5,1.0,114.65,10.15,Clothing,East,2016-09-24 19:30:27.027027024,2016-10-02 19:30:27.027027024
100426,First Class,8,1,1.0,26.32,-0.21,Sports,South,2016-06-20 08:33:09.189189184,2016-06-28 08:33:09.189189184
100427,Standard Class,1,3,3.0,606.4,77.57,Clothing,West,2015-05-02 07:13:52.432432432,2015-05-03 07:13:52.432432432
100428,Second Class,7,3,1.0,85.77,19.12,Electronic Supplies,East,2015-03-31 03:34:46.486486486,2015-04-07 03:34:46.486486486
100429,Standard Class,5,4,6.0,248.29,52.17,Electronic Supplies,West,2017-07-21 09:53:52.432432432,2017-07-26 09:53:52.432432432
100430,Standard Class,6,3,1.0,76.35,12.92,Clothing,Central,2016-02-02 12:25:13.513513512,2016-02-08 12:25:13.513513512
100431,Standard Class,4,4,3.0,98.4,16.55,Sports,South,2016-02-21 12:23:47.027027024,2016-02-25 12:23:47.027027024
100432,Second Class,4,2,2.0,60.04,17.24,Clothing,West,2016-06-10 03:01:37.297297296,2016-06-14 03:01:37.297297296
100433,First Class,4,1,1.0,106.51,18.91,Sports,South,2016-06-01 08:34:35.675675672,2016-06-05 08:34:35.675675672
100434,Standard Class,5,3,1.0,113.43,20.88,Clothing,West,2016-10-28 10:14:03.243243240,2016-11-02 10:14:03.243243240
100435,Standard Class,3,3,3.0,158.2,-0.81,Sports,South,2016-02-11 06:52:15.135135132,2016-02-14 06:52:15.135135132
100436,Second Class,1,3,4.0,135.35,29.32,Clothing,West,2015-01-18 12:54:03.243243243,2015-01-19 12:54:03.243243243
100437,Standard Class,3,3,4.0,67.56,9.59,Clothing,East,2015-09-23 23:39:49.189189188,2015-09-26 23:39:49.189189188
100438,Second Class,5,2,2.0,122.67,12.71,Clothing,Central,2016-06-21 19:37:39.459459456,2016-06-26 19:37:39.459459456
100439,Second Class,3,2,4.0,441.67,37.01,Clothing,East,2018-07-11 13:08:28.108108112,2018-07-14 13:08:28.108108112
100440,Standard Class,5,4,3.0,408.89,27.03,Sports,East,2017-06-17 19:10:16.216216208,2017-06-22 19:10:16.216216208
100441,Standard Class,8,3,3.0,231.87,48.82,Clothing,Central,2015-11-22 21:44:30.270270268,2015-11-30 21:44:30.270270268
100442,Same Day,2,0,2.0,265.34,28.59,Sports,South,2017-04-15 22:56:34.594594592,2017-04-17 22:56:34.594594592
100443,Standard Class,5,4,3.0,658.22,45.46,Electronic Supplies,East,2018-11-18 14:49:22.162162160,2018-11-23 14:49:22.162162160
100444,Standard Class,4,3,4.0,249.96,12.07,Electronic Supplies,South,2017-08-12 08:01:26.486486480,2017-08-16 08:01:26.486486480
100445,Second Class,6,2,2.0,262.1,32.41,Electronic Supplies,South,2017-03-07 11:54:57.297297296,2017-03-13 11:54:57.297297296
100446,Second Class,3,3,4.0,62.37,5.07,Electronic Supplies,West,2017-04-30 13:41:37.297297296,2017-05-03 13:41:37.297297296
100447,Same Day,5,0,3.0,83.66,5.27,Clothing,South,2017-07-14 02:31:21.081081072,2017-07-19 02:31:21.081081072
100448,Second Class,6,2,1.0,168.81,-0.1,Clothing,East,2015-09-15 05:12:47.567567568,2015-09-21 05:12:47.567567568
100449,Standard Class,7,3,1.0,102.02,19.05,Sports,South,2017-08-29 20:55:29.729729728,2017-09-05 20:55:29.729729728
100450,Standard Class,5,5,2.0,90.14,8.92,Electronic Supplies,East,2017-09-10 13:31:31.891891888,2017-09-15 13:31:31.891891888
100451,Second Class,4,3,2.0,97.16,2.25,Electronic Supplies,East,2017-05-04 22:55:08.108108112,2017-05-08 22:55:08.108108112
100452,First Class,5,2,4.0,68.35,6.04,Clothing,East,2018-06-29 20:32:25.945945936,2018-07-04 20:32:25.945945936
100453,Standard Class,6,3,1.0,103.09,15.87,Clothing,East,2016-07-28 08:30:16.216216216,2016-08-03 08:30:16.216216216
100454,Second Class,5,2,4.0,215.0,24.15,Clothing,West,2015-08-27 05:14:14.054054052,2015-09-01 05:14:14.054054052
100455,Standard Class,2,4,4.0,554.25,69.44,Sports,East,2015-12-29 10:37:07.027027024,2015-12-31 10:37:07.027027024
100456,Standard Class,7,3,1.0,289.47,32.83,Sports,East,2017-07-15 13:35:51.351351344,2017-07-22 13:35:51.351351344
100457,Standard Class,5,4,4.0,260.73,2.05,Clothing,South,2018-07-17 09:26:29.189189184,2018-07-22 09:26:29.189189184
100458,Standard Class,5,5,6.0,60.02,11.16,Clothing,West,2017-09-04 17:13:30.810810800,2017-09-09 17:13:30.810810800
100459,Standard Class,3,4,3.0,186.33,-4.97,Sports,East,2016-07-02 01:09:11.351351352,2016-07-05 01:09:11.351351352
100460,Standard Class,5,4,4.0,165.09,24.26,Sports,West,2016-08-25 02:55:51.351351352,2016-08-30 02:55:51.351351352
100461,Standard Class,4,4,6.0,208.3,33.17,Clothing,West,2015-04-19 03:33:20.000000000,2015-04-23 03:33:20.000000000
100462,First Class,5,1,3.0,136.39,12.6,Electronic Supplies,South,2015-06-15 03:29:00.540540540,2015-06-20 03:29:00.540540540
100463,Second Class,2,2,2.0,507.93,70.23,Sports,East,2017-05-23 22:53:41.621621616,2017-05-25 22:53:41.621621616
100464,First Class,5,1,4.0,178.45,15.67,Electronic Supplies,Central,2018-11-05 11:08:49.729729728,2018-11-10 11:08:49.729729728
100465,Same Day,9,0,3.0,190.12,26.47,Electronic Supplies,East,2016-07-23 23:16:45.405405400,2016-08-01 23:16:45.405405400
100466,Standard Class,2,3,3.0,48.15,9.12,Clothing,East,2015-06-01 23:48:28.108108108,2015-06-03 23:48:28.108108108
100467,Standard Class,8,3,1.0,160.88,7.5,Clothing,South,2015-06-16 14:33:30.810810810,2015-06-24 14:33:30.810810810
100468,Second Class,4,3,3.0,363.95,59.66,Sports,East,2016-09-01 10:18:22.702702704,2016-09-05 10:18:22.702702704
100469,Standard Class,6,4,1.0,247.43,60.72,Clothing,South,2017-02-06 06:24:51.891891888,2017-02-12 06:24:51.891891888
100470,Same Day,6,0,5.0,42.47,5.57,Electronic Supplies,East,2016-10-29 21:18:33.513513512,2016-11-04 21:18:33.513513512
100471,Standard Class,5,3,2.0,128.73,8.98,Sports,South,2016-08-20 17:42:20.540540536,2016-08-25 17:42:20.540540536
100472,Same Day,5,0,1.0,531.52,154.7,Electronic Supplies,Central,2015-05-15 10:54:24.864864864,2015-05-20 10:54:24.864864864
100473,Standard Class,6,5,2.0,156.35,18.31,Clothing,South,2018-09-21 03:49:11.351351344,2018-09-27 03:49:11.351351344
100474,Second Class,4,3,1.0,212.63,27.33,Clothing,South,2015-05-11 01:40:54.054054054,2015-05-15 01:40:54.054054054
100475,First Class,4,1,3.0,493.91,64.3,Sports,South,2016-05-06 01:13:30.810810808,2016-05-10 01:13:30.810810808
100476,Same Day,5,0,5.0,155.94,22.74,Clothing,Central,2018-12-14 22:10:27.027027024,2018-12-19 22:10:27.027027024
100477,Standard Class,6,3,4.0,288.35,23.9,Sports,Central,2018-09-08 00:08:38.918918912,2018-09-14 00:08:38.918918912
100478,First Class,5,2,1.0,225.29,28.21,Electronic Supplies,West,2018-09-25 13:02:42.162162160,2018-09-30 13:02:42.162162160
100479,Same Day,6,0,1.0,258.88,48.2,Clothing,Central,2017-06-03 04:25:13.513513504,2017-06-09 04:25:13.513513504
100480,First Class,4,2,4.0,220.63,17.68,Sports,Central,2017-05-16 15:31:10.270270272,2017-05-20 15:31:10.270270272
100481,First Class,6,1,5.0,120.79,9.23,Clothing,Central,2017-06-11 22:52:15.135135136,2017-06-17 22:52:15.135135136
100482,First Class,2,2,2.0,128.89,11.17,Clothing,East,2015-05-18 09:03:25.405405404,2015-05-20 09:03:25.405405404
100483,Standard Class,4,5,2.0,98.94,2.19,Electronic Supplies,East,2015-01-17 01:49:32.972972973,2015-01-21 01:49:32.972972973
100484,First Class,1,2,2.0,59.39,3.29,Electronic Supplies,Central,2016-08-01 17:43:47.027027024,2016-08-02 17:43:47.027027024
100485,First Class,4,1,5.0,387.2,20.18,Clothing,Central,2017-02-17 23:00:54.054054048,2017-02-21 23:00:54.054054048
100486,Second Class,4,2,3.0,173.57,19.09,Electronic Supplies,East,2015-03-04 20:13:41.621621621,2015-03-08 20:13:41.621621621
100487,Standard Class,4,5,1.0,374.73,66.29,Sports,West,2015-03-03 09:09:11.351351351,2015-03-07 09:09:11.351351351
100488,Standard Class,5,4,1.0,476.99,107.94,Clothing,Central,2016-04-25 19:41:58.918918920,2016-04-30 19:41:58.918918920
100489,Same Day,4,0,5.0,178.52,20.45,Clothing,East,2015-09-02 01:32:15.135135136,2015-09-06 01:32:15.135135136
100490,Second Class,4,2,1.0,73.42,10.76,Electronic Supplies,South,2016-12-27 08:18:44.324324320,2016-12-31 08:18:44.324324320
100491,Standard Class,3,5,2.0,151.79,19.65,Clothing,South,2018-07-04 05:45:56.756756752,2018-07-07 05:45:56.756756752
100492,First Class,4,1,2.0,111.47,-6.41,Sports,South,2017-05-22 11:49:11.351351344,2017-05-26 11:49:11.351351344
100493,Standard Class,3,5,1.0,47.6,0.86,Sports,South,2018-01-09 20:45:24.324324320,2018-01-12 20:45:24.324324320
100494,Standard Class,2,4,1.0,124.45,21.27,Sports,East,2015-05-27 03:30:27.027027026,2015-05-29 03:30:27.027027026
100495,Standard Class,5,4,4.0,164.6,29.41,Clothing,West,2016-09-14 13:58:55.135135136,2016-09-19 13:58:55.135135136
100496,Standard Class,5,3,5.0,113.5,20.07,Clothing,East,2015-09-18 03:21:48.108108108,2015-09-23 03:21:48.108108108
100497,First Class,5,1,4.0,104.43,10.0,Clothing,West,2016-10-10 21:20:00.000000000,2016-10-15 21:20:00.000000000
100498,Standard Class,4,5,5.0,75.16,-3.73,Sports,East,2016-08-30 23:13:52.432432432,2016-09-03 23:13:52.432432432
100499,Same Day,4,0,2.0,195.85,5.43,Sports,West,2018-06-25 11:18:55.135135136,2018-06-29 11:18:55.135135136
100500,Same Day,6,0,4.0,581.16,23.22,Sports,East,2018-07-13 00:12:58.378378368,2018-07-19 00:12:58.378378368
100501,First Class,4,1,2.0,-150.0,63.46,Sports,Central,2017-09-20 19:03:03.783783776,2017-09-24 19:03:03.783783776
100502,First Class,4,1,3.0,263.71,21.47,Clothing,West,2015-09-16 16:17:17.837837836,2015-09-20 16:17:17.837837836
100503,Standard Class,1,3,6.0,267.47,65.59,Electronic Supplies,Central,2016-07-31 06:39:16.756756752,2016-08-01 06:39:16.756756752
100504,Second Class,4,2,1.0,158.19,35.97,Sports,Central,2018-08-24 09:23:36.216216208,2018-08-28 09:23:36.216216208
100505,First Class,4,2,2.0,53.36,13.01,Clothing,Central,2018-03-04 22:32:04.324324320,2018-03-08 22:32:04.324324320
100506,Standard Class,4,3,2.0,135.62,4.97,Clothing,East,2018-11-04 00:04:19.459459456,2018-11-08 00:04:19.459459456
100507,Second Class,5,2,1.0,91.83,13.71,Electronic Supplies,Central,2017-09-26 15:21:04.864864864,2017-10-01 15:21:04.864864864
100508,Second Class,4,2,1.0,190.67,13.69,Electronic Supplies,South,2016-07-13 17:45:13.513513512,2016-07-17 17:45:13.513513512
100509,Second Class,5,3,4.0,384.36,52.36,Clothing,East,2018-10-29 03:46:18.378378368,2018-11-03 03:46:18.378378368
100510,Second Class,5,3,6.0,621.86,28.33,Sports,East,2018-01-02 13:22:52.972972976,2018-01-07 13:22:52.972972976
100511,First Class,6,1,2.0,179.83,37.42,Clothing,East,2016-01-11 14:17:39.459459460,2016-01-17 14:17:39.459459460
100512,Standard Class,5,5,1.0,58.34,2.74,Clothing,West,2017-02-25 06:23:25.405405400,2017-03-02 06:23:25.405405400
100513,Second Class,7,3,1.0,179.6,-8.22,Sports,West,2016-05-04 14:09:00.540540536,2016-05-11 14:09:00.540540536
100514,Second Class,1,2,5.0,182.8,49.85,Sports,West,2015-01-22 22:07:34.054054054,2015-01-23 22:07:34.054054054
100515,Standard Class,3,3,2.0,268.07,38.98,Sports,West,2016-04-18 12:19:27.567567568,2016-04-21 12:19:27.567567568
100516,Standard Class,1,5,2.0,170.29,4.17,Clothing,South,2018-01-12 18:54:24.864864864,2018-01-13 18:54:24.864864864
100517,Standard Class,5,5,2.0,180.05,17.47,Clothing,South,2015-11-21 10:40:00.000000000,2015-11-26 10:40:00.000000000
100518,Second Class,6,3,2.0,114.34,7.3,Clothing,West,2015-09-19 14:26:18.378378376,2015-09-25 14:26:18.378378376
100519,Same Day,3,0,2.0,140.79,15.55,Clothing,Central,2018-12-07 14:47:55.675675664,2018-12-10 14:47:55.675675664
100520,Standard Class,7,4,4.0,240.71,41.94,Clothing,West,2015-02-02 03:39:05.945945946,2015-02-09 03:39:05.945945946
100521,First Class,2,1,3.0,46.73,7.55,Clothing,East,2016-06-04 06:43:36.216216216,2016-06-06 06:43:36.216216216
100522,Standard Class,7,4,3.0,140.3,18.28,Clothing,West,2017-08-31 08:00:00.000000000,2017-09-07 08:00:00.000000000
100523,Same Day,4,0,2.0,269.65,29.77,Clothing,South,2018-06-12 07:38:22.702702704,2018-06-16 07:38:22.702702704
100524,Second Class,2,3,3.0,500.93,98.33,Sports,West,2016-05-11 21:31:31.891891888,2016-05-13 21:31:31.891891888
100525,Second Class,4,3,3.0,133.1,-5.86,Clothing,South,2016-09-21 21:21:26.486486488,2016-09-25 21:21:26.486486488
100526,Standard Class,3,5,1.0,372.59,18.66,Clothing,Central,2017-03-16 06:21:58.918918920,2017-03-19 06:21:58.918918920
100527,Standard Class,3,3,3.0,517.24,16.4,Sports,Central,2018-05-02 09:32:15.135135136,2018-05-05 09:32:15.135135136
100528,Standard Class,3,4,1.0,134.22,25.57,Clothing,Central,2015-10-24 16:14:24.864864864,2015-10-27 16:14:24.864864864
100529,Standard Class,6,4,4.0,119.96,6.1,Sports,South,2017-07-09 17:17:50.270270272,2017-07-15 17:17:50.270270272
100530,Second Class,4,2,2.0,153.19,1.09,Clothing,South,2015-05-16 21:58:55.135135134,2015-05-20 21:58:55.135135134
100531,Second Class,4,3,6.0,163.49,25.17,Clothing,West,2017-03-26 11:53:30.810810808,2017-03-30 11:53:30.810810808
100532,Same Day,5,0,1.0,350.39,13.07,Clothing,West,2015-04-10 09:06:18.378378378,2015-04-15 09:06:18.378378378
100533,Same Day,5,0,4.0,104.28,8.54,Clothing,West,2017-06-28 00:41:48.108108112,2017-07-03 00:41:48.108108112
100534,First Class,3,1,3.0,468.6,140.81,Sports,South,2016-02-20 01:19:16.756756756,2016-02-23 01:19:16.756756756
100535,Second Class,4,2,3.0,102.46,17.72,Electronic Supplies,South,2018-05-18 11:21:48.108108112,2018-05-22 11:21:48.108108112
100536,Second Class,2,3,2.0,75.8,7.06,Clothing,West,2016-09-26 06:34:57.297297296,2016-09-28 06:34:57.297297296
100537,Second Class,3,2,2.0,242.37,24.31,Clothing,West,2015-08-12 14:29:11.351351352,2015-08-15 14:29:11.351351352
100538,Standard Class,5,5,4.0,383.7,70.06,Sports,Central,2015-04-20 14:37:50.270270270,2015-04-25 14:37:50.270270270
100539,Standard Class,3,4,1.0,193.66,31.57,Clothing,West,2017-12-02 20:48:17.297297296,2017-12-05 20:48:17.297297296
100540,Standard Class,4,5,1.0,228.79,26.55,Electronic Supplies,East,2016-10-13 19:29:00.540540536,2016-10-17 19:29:00.540540536
100541,Same Day,5,0,2.0,614.18,72.65,Clothing,Central,2015-10-02 18:06:50.810810808,2015-10-07 18:06:50.810810808
100542,First Class,2,2,2.0,387.23,-3.25,Electronic Supplies,South,2016-02-01 01:20:43.243243240,2016-02-03 01:20:43.243243240
100543,Standard Class,5,5,1.0,175.93,-4.43,Clothing,East,2015-12-11 21:43:03.783783784,2015-12-16 21:43:03.783783784
100544,First Class,3,2,1.0,130.29,12.49,Clothing,South,2016-12-12 17:33:41.621621616,2016-12-15 17:33:41.621621616
100545,First Class,8,1,1.0,351.35,20.85,Electronic Supplies,Central,2015-06-20 23:47:01.621621622,2015-06-28 23:47:01.621621622
100546,Standard Class,4,4,4.0,295.61,46.38,Sports,East,2018-10-10 03:47:44.864864864,2018-10-14 03:47:44.864864864
100547,Standard Class,6,4,3.0,226.35,28.47,Clothing,East,2017-01-18 06:26:18.378378376,2017-01-24 06:26:18.378378376
100548,First Class,4,2,4.0,139.41,6.72,Sports,Central,2018-04-20 16:56:12.972972976,2018-04-24 16:56:12.972972976
100549,First Class,2,2,6.0,164.08,20.19,Sports,East,2017-05-13 17:22:09.729729728,2017-05-15 17:22:09.729729728
100550,Second Class,5,3,2.0,156.67,11.99,Clothing,Central,2015-07-04 03:27:34.054054054,2015-07-09 03:27:34.054054054
100551,First Class,7,2,1.0,140.93,38.8,Sports,Central,2015-06-19 12:42:31.351351350,2015-06-26 12:42:31.351351350
100552,Second Class,5,2,1.0,116.66,16.44,Clothing,Central,2016-11-22 06:30:37.837837832,2016-11-27 06:30:37.837837832
100553,First Class,6,1,1.0,204.87,-3.04,Electronic Supplies,Central,2017-10-09 19:01:37.297297296,2017-10-15 19:01:37.297297296
100554,First Class,6,1,5.0,113.28,28.96,Electronic Supplies,West,2015-03-25 07:16:45.405405405,2015-03-31 07:16:45.405405405
100555,Second Class,3,3,2.0,193.5,11.48,Clothing,Central,2018-06-15 05:47:23.243243232,2018-06-18 05:47:23.243243232
100556,Standard Class,3,5,1.0,44.04,1.41,Clothing,West,2018-08-25 20:28:06.486486480,2018-08-28 20:28:06.486486480
100557,Standard Class,5,4,2.0,116.76,32.87,Clothing,West,2016-06-23 06:42:09.729729728,2016-06-28 06:42:09.729729728
100558,Standard Class,4,4,3.0,352.1,48.47,Clothing,East,2016-01-27 16:07:12.432432432,2016-01-31 16:07:12.432432432
100559,Second Class,6,3,3.0,96.04,15.95,Electronic Supplies,South,2015-03-09 05:27:12.432432432,2015-03-15 05:27:12.432432432
100560,First Class,7,2,1.0,253.37,42.73,Clothing,West,2016-05-25 01:12:04.324324320,2016-06-01 01:12:04.324324320
100561,Second Class,4,2,6.0,101.37,9.48,Clothing,West,2015-10-12 23:38:22.702702700,2015-10-16 23:38:22.702702700
100562,Standard Class,3,3,2.0,285.51,18.33,Electronic Supplies,Central,2018-12-31 00:00:00.000000000,2019-01-03 00:00:00.000000000
100563,Standard Class,6,5,1.0,142.15,10.98,Electronic Supplies,West,2018-05-03 20:36:45.405405408,2018-05-09 20:36:45.405405408
100564,Standard Class,3,5,5.0,138.54,33.07,Clothing,South,2017-12-11 15:15:18.918918912,2017-12-14 15:15:18.918918912
100565,Standard Class,6,4,1.0,178.63,22.56,Sports,East,2016-01-20 08:44:41.081081080,2016-01-26 08:44:41.081081080
100566,First Class,4,2,5.0,72.01,15.48,Sports,Central,2016-10-09 10:15:29.729729728,2016-10-13 10:15:29.729729728
100567,Standard Class,5,4,6.0,324.36,33.7,Electronic Supplies,East,2017-09-13 11:40:32.432432432,2017-09-18 11:40:32.432432432
100568,Standard Class,2,3,3.0,402.31,19.94,Sports,West,2016-03-20 06:49:22.162162160,2016-03-22 06:49:22.162162160
100569,Second Class,5,2,4.0,136.45,-0.73,Sports,East,2016-05-13 08:36:02.162162160,2016-05-18 08:36:02.162162160
100570,Standard Class,4,4,2.0,242.43,39.23,Clothing,West,2018-11-12 18:31:21.081081072,2018-11-16 18:31:21.081081072
100571,First Class,5,2,5.0,286.09,70.24,Clothing,Central,2015-08-06 18:11:10.270270268,2015-08-11 18:11:10.270270268
100572,Second Class,3,3,2.0,162.5,6.36,Sports,South,2015-07-01 05:18:33.513513512,2015-07-04 05:18:33.513513512
100573,Standard Class,5,4,3.0,83.9,12.67,Electronic Supplies,Central,2018-02-22 17:00:32.432432432,2018-02-27 17:00:32.432432432
100574,First Class,6,1,5.0,485.97,-0.02,Electronic Supplies,Central,2015-03-15 01:45:13.513513513,2015-03-21 01:45:13.513513513
100575,Second Class,3,3,6.0,133.6,8.76,Electronic Supplies,West,2016-05-30 21:30:05.405405400,2016-06-02 21:30:05.405405400
100576,Second Class,2,3,4.0,116.05,15.25,Sports,Central,2018-09-16 18:35:40.540540544,2018-09-18 18:35:40.540540544
100577,Standard Class,1,5,2.0,500.3,-14.14,Sports,Central,2015-07-27 12:39:38.378378378,2015-07-28 12:39:38.378378378
100578,Second Class,5,3,6.0,256.35,27.83,Electronic Supplies,Central,2016-11-17 21:17:07.027027024,2016-11-22 21:17:07.027027024
100579,Standard Class,5,4,3.0,203.84,8.78,Sports,East,2016-08-06 02:57:17.837837832,2016-08-11 02:57:17.837837832
100580,Standard Class,4,5,5.0,91.74,14.53,Clothing,South,2017-07-02 09:55:18.918918912,2017-07-06 09:55:18.918918912
100581,Standard Class,3,3,3.0,290.56,28.12,Clothing,South,2016-04-12 16:01:26.486486488,2016-04-15 16:01:26.486486488
100582,Same Day,4,0,2.0,1133.13,209.8,Electronic Supplies,East,2015-01-28 18:25:35.135135135,2015-02-01 18:25:35.135135135
100583,Standard Class,5,5,2.0,305.62,26.78,Clothing,Central,2018-03-28 07:44:08.648648640,2018-04-02 07:44:08.648648640
100584,Standard Class,4,5,2.0,238.04,0.24,Electronic Supplies,East,2018-02-28 13:18:33.513513504,2018-03-04 13:18:33.513513504
100585,First Class,8,2,4.0,275.53,-2.47,Clothing,West,2018-03-26 20:39:38.378378368,2018-04-03 20:39:38.378378368
100586,Standard Class,3,4,2.0,139.31,-5.95,Sports,East,2016-08-17 19:33:20.000000000,2016-08-20 19:33:20.000000000
100587,Standard Class,5,4,3.0,138.45,22.24,Sports,Central,2017-02-23 19:18:55.135135136,2017-02-28 19:18:55.135135136
100588,Standard Class,4,3,2.0,137.31,43.2,Sports,Central,2017-06-25 02:32:47.567567568,2017-06-29 02:32:47.567567568
100589,Standard Class,4,3,4.0,118.66,17.18,Clothing,West,2015-02-25 12:51:10.270270270,2015-03-01 12:51:10.270270270
100590,Standard Class,5,3,2.0,137.13,33.43,Electronic Supplies,East,2015-09-13 18:08:17.297297296,2015-09-18 18:08:17.297297296
100591,Standard Class,5,3,1.0,136.71,27.44,Sports,South,2015-12-25 01:23:36.216216216,2015-12-30 01:23:36.216216216
100592,First Class,9,1,1.0,147.08,10.08,Clothing,East,2018-04-25 02:09:43.783783776,2018-05-04 02:09:43.783783776
100593,Standard Class,2,4,1.0,144.42,30.51,Sports,Central,2017-09-01 19:04:30.270270272,2017-09-03 19:04:30.270270272
100594,Standard Class,2,4,2.0,201.94,14.48,Clothing,East,2018-01-06 22:36:23.783783776,2018-01-08 22:36:23.783783776
100595,Second Class,5,3,1.0,181.49,13.3,Clothing,East,2018-06-07 22:24:51.891891888,2018-06-12 22:24:51.891891888
100596,Standard Class,5,3,1.0,192.25,17.94,Clothing,Central,2015-08-14 01:33:41.621621620,2015-08-19 01:33:41.621621620
100597,First Class,3,2,5.0,463.82,45.04,Electronic Supplies,Central,2016-02-24 10:32:47.567567568,2016-02-27 10:32:47.567567568
100598,Standard Class,2,5,4.0,181.25,29.53,Clothing,Central,2017-05-29 19:11:42.702702704,2017-05-31 19:11:42.702702704
100599,Standard Class,2,3,2.0,725.66,40.88,Sports,Central,2017-04-11 13:43:03.783783784,2017-04-13 13:43:03.783783784
100600,Standard Class,6,4,6.0,216.86,39.28,Clothing,East,2017-12-21 20:46:50.810810800,2017-12-27 20:46:50.810810800
100601,Standard Class,3,4,1.0,128.93,23.2,Clothing,South,2015-01-25 20:16:34.594594594,2015-01-28 20:16:34.594594594
100602,Standard Class,4,4,,414.56,56.98,Electronic Supplies,East,2015-07-05 14:32:04.324324324,2015-07-09 14:32:04.324324324
100603,Standard Class,3,3,3.0,163.74,43.42,Sports,West,2016-04-15 14:10:27.027027024,2016-04-18 14:10:27.027027024
100604,Standard Class,4,4,2.0,36.38,7.75,Electronic Supplies,East,2016-01-08 16:08:38.918918916,2016-01-12 16:08:38.918918916
100605,Standard Class,2,5,2.0,171.98,33.64,Clothing,East,2017-08-18 04:19:27.567567568,2017-08-20 04:19:27.567567568
100606,Standard Class,4,5,2.0,146.65,16.91,Clothing,Central,2018-11-09 20:22:20.540540544,2018-11-13 20:22:20.540540544
100607,Standard Class,2,3,2.0,489.93,67.68,Electronic Supplies,East,2015-10-05 16:15:51.351351352,2015-10-07 16:15:51.351351352
100608,Standard Class,6,5,3.0,96.21,14.61,Sports,East,2015-06-18 01:38:01.081081080,2015-06-24 01:38:01.081081080
100609,First Class,3,2,1.0,138.9,15.43,Clothing,Central,2017-06-19 06:14:46.486486480,2017-06-22 06:14:46.486486480
100610,First Class,4,1,1.0,393.06,31.43,Clothing,West,2017-06-04 15:29:43.783783776,2017-06-08 15:29:43.783783776
100611,Standard Class,6,4,1.0,222.82,-18.37,Electronic Supplies,East,2015-09-21 01:30:48.648648648,2015-09-27 01:30:48.648648648
100612,Second Class,5,3,1.0,154.25,25.82,Clothing,East,2016-03-15 21:35:51.351351352,2016-03-20 21:35:51.351351352
100613,First Class,4,1,2.0,105.45,20.39,Sports,Central,2018-01-14 05:58:55.135135136,2018-01-18 05:58:55.135135136
100614,Standard Class,4,3,1.0,216.73,3.71,Clothing,West,2017-11-06 13:27:12.432432432,2017-11-10 13:27:12.432432432
100615,Second Class,4,2,4.0,169.18,26.8,Clothing,West,2017-11-22 15:16:45.405405408,2017-11-26 15:16:45.405405408
100616,Second Class,5,3,1.0,104.68,6.56,Electronic Supplies,Central,2017-09-28 02:25:35.135135136,2017-10-03 02:25:35.135135136
100617,Standard Class,9,4,1.0,108.28,8.74,Clothing,Central,2018-12-01 18:29:54.594594592,2018-12-10 18:29:54.594594592
100618,Standard Class,5,5,3.0,101.55,21.82,Clothing,East,2017-01-25 13:48:49.729729728,2017-01-30 13:48:49.729729728
100619,Second Class,4,3,1.0,90.45,2.78,Electronic Supplies,Central,2018-12-09 01:52:25.945945936,2018-12-13 01:52:25.945945936
100620,Second Class,5,3,3.0,316.44,9.69,Clothing,West,2015-03-07 18:22:42.162162162,2015-03-12 18:22:42.162162162
100621,Standard Class,4,5,3.0,289.92,73.75,Clothing,West,2018-08-21 11:14:35.675675664,2018-08-25 11:14:35.675675664
100622,Standard Class,2,5,1.0,316.77,31.16,Sports,Central,2015-08-18 10:47:12.432432432,2015-08-20 10:47:12.432432432
100623,Standard Class,5,3,1.0,172.94,36.27,Clothing,Central,2018-05-28 16:53:20.000000000,2018-06-02 16:53:20.000000000
100624,Standard Class,7,4,2.0,147.27,-2.64,Clothing,West,2015-09-07 21:50:16.216216216,2015-09-14 21:50:16.216216216
100625,First Class,3,1,1.0,149.03,-1.71,Clothing,Central,2015-01-24 09:12:04.324324324,2015-01-27 09:12:04.324324324
100626,Standard Class,5,3,1.0,334.86,12.38,Sports,Central,2017-01-16 19:21:48.108108104,2017-01-21 19:21:48.108108104
100627,Standard Class,3,5,1.0,52.82,3.78,Sports,West,2015-03-12 03:36:12.972972973,2015-03-15 03:36:12.972972973
100628,Second Class,4,3,1.0,123.42,-0.28,Sports,East,2018-11-20 01:53:52.432432432,2018-11-24 01:53:52.432432432
100629,Standard Class,2,5,2.0,96.86,13.52,Clothing,East,2018-10-05 18:34:14.054054048,2018-10-07 18:34:14.054054048
100630,Standard Class,4,5,3.0,417.35,60.42,Sports,Central,2017-01-22 15:39:49.189189184,2017-01-26 15:39:49.189189184
100631,Second Class,5,3,3.0,126.43,4.82,Electronic Supplies,West,2018-10-23 07:28:17.297297296,2018-10-28 07:28:17.297297296
100632,Second Class,4,2,1.0,59.54,2.65,Sports,East,2016-12-02 12:02:09.729729728,2016-12-06 12:02:09.729729728
100633,First Class,5,2,1.0,199.38,10.98,Sports,South,2016-02-18 14:14:46.486486484,2016-02-23 14:14:46.486486484
100634,First Class,6,1,4.0,135.56,2.28,Sports,West,2017-11-15 07:54:14.054054048,2017-11-21 07:54:14.054054048
100635,Standard Class,7,5,2.0,120.06,-14.6,Electronic Supplies,Central,2018-07-05 16:50:27.027027024,2018-07-12 16:50:27.027027024
100636,Standard Class,3,5,4.0,112.28,11.59,Electronic Supplies,East,2015-11-25 19:53:30.810810808,2015-11-28 19:53:30.810810808
100637,First Class,4,2,2.0,109.44,8.27,Clothing,East,2015-02-07 23:57:07.027027027,2015-02-11 23:57:07.027027027
100638,Standard Class,3,5,3.0,273.3,22.89,Clothing,East,2018-10-26 05:37:17.837837840,2018-10-29 05:37:17.837837840
100639,Standard Class,9,4,2.0,199.43,5.79,Clothing,South,2016-09-30 15:48:28.108108104,2016-10-09 15:48:28.108108104
100640,Standard Class,7,5,2.0,151.61,26.51,Clothing,West,2018-10-21 20:23:47.027027024,2018-10-28 20:23:47.027027024
100641,Standard Class,4,4,2.0,84.45,25.68,Clothing,Central,2016-06-15 23:19:38.378378376,2016-06-19 23:19:38.378378376
100642,Standard Class,6,5,2.0,154.5,6.69,Electronic Supplies,West,2015-12-01 16:11:31.891891892,2015-12-07 16:11:31.891891892
100643,Standard Class,4,3,1.0,204.26,45.34,Clothing,Central,2015-02-24 01:46:40.000000000,2015-02-28 01:46:40.000000000
100644,Standard Class,5,5,2.0,209.37,29.17,Sports,West,2018-11-11 07:26:50.810810800,2018-11-16 07:26:50.810810800
100645,Standard Class,2,4,4.0,191.44,21.6,Sports,West,2016-06-30 14:04:41.081081080,2016-07-02 14:04:41.081081080
100646,Second Class,5,2,5.0,94.66,7.81,Clothing,East,2016-11-16 10:12:36.756756752,2016-11-21 10:12:36.756756752
100647,First Class,2,2,2.0,36.16,3.74,Electronic Supplies,Central,2018-11-14 05:35:51.351351344,2018-11-16 05:35:51.351351344
100648,First Class,6,1,2.0,555.44,112.18,Electronic Supplies,West,2018-05-27 05:48:49.729729728,2018-06-02 05:48:49.729729728
100649,Second Class,6,3,1.0,73.61,1.4,Clothing,West,2017-10-25 20:51:10.270270272,2017-10-31 20:51:10.270270272
100650,Standard Class,5,3,3.0,48.08,4.23,Clothing,East,2018-05-14 02:08:17.297297296,2018-05-19 02:08:17.297297296
100651,Standard Class,2,5,2.0,187.7,39.4,Clothing,Central,2015-10-11 12:33:52.432432432,2015-10-13 12:33:52.432432432
100652,First Class,3,2,6.0,56.8,10.72,Sports,West,2018-06-02 02:06:50.810810800,2018-06-05 02:06:50.810810800
100653,First Class,3,2,2.0,102.19,2.06,Clothing,Central,2018-06-16 16:51:53.513513504,2018-06-19 16:51:53.513513504
100654,Second Class,4,3,2.0,246.35,23.5,Sports,Central,2017-01-05 02:45:45.945945944,2017-01-09 02:45:45.945945944
100655,Standard Class,2,5,3.0,545.8,91.83,Electronic Supplies,Central,2018-11-17 03:44:51.891891888,2018-11-19 03:44:51.891891888
100656,Standard Class,7,5,4.0,221.82,36.17,Clothing,Central,2018-04-28 00:18:44.324324320,2018-05-05 00:18:44.324324320
100657,Standard Class,4,3,2.0,129.61,24.37,Electronic Supplies,East,2017-04-26 04:28:06.486486480,2017-04-30 04:28:06.486486480
100658,Standard Class,3,3,2.0,166.76,23.47,Clothing,South,2018-11-15 16:40:21.621621616,2018-11-18 16:40:21.621621616
100659,First Class,4,1,6.0,53.22,8.2,Electronic Supplies,West,2015-08-25 18:09:43.783783784,2015-08-29 18:09:43.783783784
100660,First Class,4,2,1.0,128.64,17.68,Clothing,Central,2018-08-20 00:10:05.405405408,2018-08-24 00:10:05.405405408
100661,Standard Class,5,5,5.0,128.72,30.43,Sports,East,2015-08-11 03:24:41.081081080,2015-08-16 03:24:41.081081080
100662,Same Day,4,0,1.0,190.5,14.53,Clothing,East,2018-03-16 15:08:06.486486480,2018-03-20 15:08:06.486486480
100663,First Class,7,1,4.0,609.37,69.38,Electronic Supplies,Central,2018-12-22 05:32:58.378378368,2018-12-29 05:32:58.378378368
100664,Standard Class,4,3,3.0,48.96,1.41,Clothing,South,2018-01-08 09:40:54.054054048,2018-01-12 09:40:54.054054048
100665,Standard Class,9,5,2.0,132.29,1.72,Clothing,East,2015-06-12 05:20:00.000000000,2015-06-21 05:20:00.000000000
100666,Standard Class,6,5,4.0,52.36,7.12,Sports,South,2015-11-27 06:58:01.081081080,2015-12-03 06:58:01.081081080
100667,Standard Class,3,5,1.0,124.31,6.47,Clothing,East,2017-10-02 11:39:05.945945936,2017-10-05 11:39:05.945945936
100668,Standard Class,7,4,1.0,98.3,10.36,Sports,West,2015-05-31 12:43:57.837837838,2015-06-07 12:43:57.837837838
100669,Standard Class,2,4,2.0,65.28,15.63,Electronic Supplies,Central,2016-09-07 06:36:23.783783784,2016-09-09 06:36:23.783783784
100670,Standard Class,6,3,2.0,312.16,73.29,Clothing,East,2016-09-04 08:27:23.243243240,2016-09-10 08:27:23.243243240
100671,Standard Class,4,5,3.0,203.6,58.62,Clothing,Central,2018-01-01 02:18:22.702702704,2018-01-05 02:18:22.702702704
100672,Second Class,6,3,1.0,289.25,69.71,Clothing,South,2017-05-06 09:59:38.378378368,2017-05-12 09:59:38.378378368
100673,Standard Class,6,5,1.0,122.05,36.89,Sports,West,2018-02-13 22:33:30.810810800,2018-02-19 22:33:30.810810800
100674,First Class,6,2,1.0,164.68,23.87,Clothing,South,2017-09-09 02:27:01.621621616,2017-09-15 02:27:01.621621616
100675,Standard Class,6,5,1.0,486.15,18.36,Clothing,West,2015-06-23 21:56:02.162162162,2015-06-29 21:56:02.162162162
100676,Same Day,3,0,2.0,172.13,5.16,Clothing,South,2015-03-19 10:58:44.324324324,2015-03-22 10:58:44.324324324
100677,Standard Class,2,4,3.0,291.54,64.64,Clothing,Central,2015-08-09 16:20:10.810810812,2015-08-11 16:20:10.810810812
100678,Standard Class,4,5,5.0,115.43,13.17,Electronic Supplies,East,2016-08-11 23:15:18.918918920,2016-08-15 23:15:18.918918920
100679,Same Day,3,0,4.0,274.63,32.98,Clothing,West,2018-10-13 01:56:45.405405408,2018-10-16 01:56:45.405405408
100680,Second Class,5,2,1.0,120.69,7.97,Sports,West,2015-10-30 12:32:25.945945944,2015-11-04 12:32:25.945945944
100681,Second Class,4,3,2.0,50.27,3.8,Sports,West,2017-08-19 15:23:57.837837840,2017-08-23 15:23:57.837837840
100682,Standard Class,8,3,1.0,171.58,24.14,Sports,Central,2018-05-17 00:17:17.837837840,2018-05-25 00:17:17.837837840
100683,Standard Class,5,5,1.0,127.01,3.25,Clothing,Central,2018-01-18 15:12:25.945945936,2018-01-23 15:12:25.945945936
100684,First Class,6,2,2.0,59.97,7.83,Sports,South,2015-01-12 16:36:02.162162162,2015-01-18 16:36:02.162162162
100685,Second Class,3,2,1.0,195.29,45.09,Electronic Supplies,West,2018-03-25 09:35:08.108108112,2018-03-28 09:35:08.108108112
100686,First Class,6,1,1.0,96.47,-5.85,Clothing,Central,2015-02-22 14:42:09.729729730,2015-02-28 14:42:09.729729730
100687,First Class,7,1,5.0,1287.19,-17.13,Clothing,West,2016-10-22 13:56:02.162162160,2016-10-29 13:56:02.162162160
100688,Standard Class,4,4,2.0,66.56,10.92,Clothing,South,2017-08-09 09:52:25.945945936,2017-08-13 09:52:25.945945936
100689,Second Class,5,2,2.0,78.38,17.17,Clothing,Central,2016-01-05 17:59:38.378378376,2016-01-10 17:59:38.378378376
100690,Standard Class,5,3,1.0,303.45,21.49,Clothing,South,2016-03-18 19:44:51.891891888,2016-03-23 19:44:51.891891888
100691,Standard Class,3,4,1.0,158.15,-7.89,Sports,South,2017-12-26 06:00:21.621621616,2017-12-29 06:00:21.621621616
100692,Standard Class,4,5,4.0,299.46,67.24,Clothing,South,2017-04-14 11:52:04.324324320,2017-04-18 11:52:04.324324320
100693,First Class,4,1,1.0,220.8,9.96,Clothing,South,2017-06-29 11:46:18.378378368,2017-07-03 11:46:18.378378368
100694,Standard Class,3,3,2.0,118.1,9.58,Sports,East,2017-12-05 18:57:17.837837840,2017-12-08 18:57:17.837837840
100695,Standard Class,4,4,1.0,70.36,9.54,Clothing,East,2018-07-26 03:53:30.810810800,2018-07-30 03:53:30.810810800
100696,First Class,2,1,2.0,345.92,19.61,Sports,Central,2016-01-18 21:40:10.810810808,2016-01-20 21:40:10.810810808
100697,Standard Class,1,5,1.0,74.63,2.98,Clothing,Central,2017-06-10 11:47:44.864864864,2017-06-11 11:47:44.864864864
100698,First Class,3,1,4.0,247.97,10.26,Electronic Supplies,East,2016-03-10 01:17:50.270270272,2016-03-13 01:17:50.270270272
100699,Standard Class,8,4,4.0,313.36,81.05,Clothing,East,2016-08-28 01:04:51.891891888,2016-09-05 01:04:51.891891888
100700,Standard Class,4,5,4.0,158.78,32.2,Sports,Central,2015-08-08 05:15:40.540540540,2015-08-12 05:15:40.540540540
100701,First Class,35,2,1.0,141.5,22.07,Electronic Supplies,East,2018-02-25 15:09:32.972972976,2018-03-05 15:09:32.972972976
100702,Standard Class,4,3,4.0,90.97,-5.91,Clothing,Central,2017-07-24 08:02:52.972972976,2017-07-28 08:02:52.972972976
100703,Standard Class,4,3,2.0,232.94,36.4,Clothing,South,2018-07-23 05:44:30.270270272,2018-07-27 05:44:30.270270272
100704,Standard Class,4,5,2.0,23.81,3.62,Sports,Central,2017-03-14 19:17:28.648648648,2017-03-18 19:17:28.648648648
100705,Standard Class,4,3,3.0,274.57,2.13,Clothing,West,2018-07-18 20:30:59.459459456,2018-07-22 20:30:59.459459456
100706,Same Day,2,0,1.0,186.36,24.36,Electronic Supplies,East,2016-12-14 04:38:11.891891888,2016-12-16 04:38:11.891891888
100707,Standard Class,5,5,1.0,149.18,28.96,Electronic Supplies,Central,2015-08-03 20:02:09.729729728,2015-08-08 20:02:09.729729728
100708,Second Class,3,3,3.0,201.84,31.4,Clothing,South,2015-08-02 08:57:39.459459460,2015-08-05 08:57:39.459459460
100709,Standard Class,5,3,1.0,70.61,3.92,Clothing,East,2017-11-18 06:03:14.594594592,2017-11-23 06:03:14.594594592
100710,First Class,5,2,3.0,35.93,3.99,Clothing,East,2018-09-22 14:53:41.621621616,2018-09-27 14:53:41.621621616
100711,Second Class,3,3,2.0,233.83,39.38,Clothing,Central,2017-12-16 00:28:49.729729728,2017-12-19 00:28:49.729729728
100712,First Class,2,1,4.0,405.76,46.56,Sports,East,2017-08-21 02:28:28.108108112,2017-08-23 02:28:28.108108112
100713,Standard Class,6,5,5.0,55.67,11.71,Sports,Central,2016-05-23 14:07:34.054054056,2016-05-29 14:07:34.054054056
100714,Standard Class,4,3,4.0,87.0,12.32,Clothing,East,2016-11-07 15:45:35.135135136,2016-11-11 15:45:35.135135136
100715,Standard Class,2,5,1.0,281.18,47.87,Clothing,East,2016-04-19 23:23:57.837837840,2016-04-21 23:23:57.837837840
100716,Second Class,9,2,1.0,217.73,38.26,Clothing,South,2015-09-29 19:57:50.270270268,2015-10-08 19:57:50.270270268
100717,Second Class,2,3,2.0,1183.25,29.19,Clothing,West,2015-06-29 18:14:03.243243242,2015-07-01 18:14:03.243243242
100718,Same Day,5,0,1.0,346.95,39.55,Electronic Supplies,Central,2018-05-31 15:02:20.540540544,2018-06-05 15:02:20.540540544
100719,Standard Class,8,4,1.0,296.79,24.76,Clothing,Central,2017-06-07 13:38:44.324324320,2017-06-15 13:38:44.324324320
100720,Second Class,3,3,2.0,104.96,20.31,Electronic Supplies,East,2015-07-28 23:44:08.648648648,2015-07-31 23:44:08.648648648
100721,Second Class,3,3,2.0,242.53,35.67,Sports,Central,2018-11-01 01:55:18.918918912,2018-11-04 01:55:18.918918912
100722,Standard Class,2,3,6.0,455.78,43.27,Sports,Central,2015-10-15 21:47:23.243243244,2015-10-17 21:47:23.243243244
100723,Standard Class,3,3,1.0,154.96,1.15,Clothing,South,2017-06-09 00:43:14.594594592,2017-06-12 00:43:14.594594592
100724,Second Class,2,2,1.0,159.78,-2.84,Sports,Central,2016-02-12 17:56:45.405405404,2016-02-14 17:56:45.405405404
100725,First Class,5,1,1.0,189.03,25.49,Sports,South,2016-03-04 04:59:49.189189184,2016-03-09 04:59:49.189189184
100726,Second Class,2,3,5.0,111.95,5.89,Sports,Central,2016-08-07 14:01:48.108108104,2016-08-09 14:01:48.108108104
100727,Standard Class,4,4,4.0,205.37,33.53,Clothing,South,2015-06-28 07:09:32.972972972,2015-07-02 07:09:32.972972972
100728,Second Class,9,3,4.0,202.06,-4.33,Clothing,West,2015-09-25 10:44:19.459459460,2015-10-04 10:44:19.459459460
100729,Standard Class,6,5,5.0,451.24,107.14,Sports,West,2015-10-23 05:09:54.594594592,2015-10-29 05:09:54.594594592
100730,Standard Class,5,5,2.0,152.46,24.87,Clothing,Central,2016-10-02 02:52:58.378378376,2016-10-07 02:52:58.378378376
100731,Standard Class,3,5,2.0,267.35,31.53,Clothing,South,2015-12-26 12:28:06.486486484,2015-12-29 12:28:06.486486484
100732,Second Class,5,2,2.0,155.44,38.03,Electronic Supplies,South,2016-08-29 12:09:22.162162160,2016-09-03 12:09:22.162162160
100733,First Class,4,1,3.0,261.35,48.58,Clothing,West,2018-09-24 01:58:11.891891888,2018-09-28 01:58:11.891891888
100734,First Class,4,2,2.0,146.56,10.55,Clothing,East,2018-01-23 00:25:56.756756752,2018-01-27 00:25:56.756756752
100735,Standard Class,3,4,2.0,250.32,29.09,Clothing,West,2018-08-17 02:01:04.864864864,2018-08-20 02:01:04.864864864
100736,Second Class,6,2,5.0,276.82,-13.05,Sports,Central,2018-05-05 07:41:15.675675664,2018-05-11 07:41:15.675675664
100737,Standard Class,4,4,6.0,86.2,16.82,Clothing,West,2018-07-20 07:35:29.729729728,2018-07-24 07:35:29.729729728
100738,Second Class,3,2,4.0,353.03,30.47,Sports,South,2015-07-08 12:41:04.864864864,2015-07-11 12:41:04.864864864
100739,Standard Class,4,3,3.0,154.75,-7.46,Clothing,East,2017-07-19 22:49:22.162162160,2017-07-23 22:49:22.162162160
100740,Standard Class,4,3,3.0,127.06,1.96,Clothing,Central,2016-08-10 12:10:48.648648648,2016-08-14 12:10:48.648648648
100741,Standard Class,6,4,1.0,108.69,19.53,Sports,East,2018-02-19 18:51:31.891891888,2018-02-25 18:51:31.891891888
100742,Standard Class,5,3,1.0,209.31,50.05,Clothing,West,2018-01-30 07:48:28.108108112,2018-02-04 07:48:28.108108112
100743,Second Class,5,2,3.0,171.91,19.19,Electronic Supplies,Central,2017-12-10 04:10:48.648648640,2017-12-15 04:10:48.648648640
100744,First Class,1,1,3.0,219.43,6.9,Clothing,Central,2018-08-27 07:32:36.756756752,2018-08-28 07:32:36.756756752
100745,Standard Class,4,4,1.0,222.21,-0.81,Clothing,Central,2015-11-17 01:26:29.189189188,2015-11-21 01:26:29.189189188
100746,Second Class,4,2,5.0,256.1,57.15,Clothing,West,2017-07-25 19:07:23.243243248,2017-07-29 19:07:23.243243248
100747,Standard Class,1,4,1.0,1047.94,152.95,Clothing,Central,2018-08-30 05:41:37.297297296,2018-08-31 05:41:37.297297296
100748,First Class,3,2,1.0,176.94,14.79,Electronic Supplies,West,2018-01-04 00:27:23.243243232,2018-01-07 00:27:23.243243232
100749,Second Class,5,3,3.0,106.97,6.9,Electronic Supplies,East,2018-03-23 22:30:37.837837840,2018-03-28 22:30:37.837837840
100750,First Class,3,1,1.0,46.39,7.6,Clothing,West,2018-09-05 01:59:38.378378368,2018-09-08 01:59:38.378378368
100751,Standard Class,4,3,1.0,79.28,12.81,Sports,South,2017-06-30 22:50:48.648648640,2017-07-04 22:50:48.648648640
100752,Second Class,3,3,2.0,384.9,14.73,Sports,Central,2018-07-01 07:36:56.216216208,2018-07-04 07:36:56.216216208
100753,First Class,1,1,3.0,275.32,5.12,Clothing,East,2018-01-15 17:03:25.405405408,2018-01-16 17:03:25.405405408
100754,Standard Class,3,3,2.0,71.7,1.62,Clothing,South,2016-07-18 02:58:44.324324320,2016-07-21 02:58:44.324324320
100755,Standard Class,8,5,3.0,855.54,62.06,Electronic Supplies,Central,2018-11-21 12:58:22.702702704,2018-11-29 12:58:22.702702704
100756,Second Class,6,2,3.0,213.24,11.69,Electronic Supplies,Central,2017-01-13 21:12:47.567567568,2017-01-19 21:12:47.567567568
100757,First Class,7,2,1.0,232.57,55.69,Electronic Supplies,South,2016-01-26 05:02:42.162162160,2016-02-02 05:02:42.162162160
100758,First Class,4,2,6.0,741.55,51.68,Sports,South,2018-04-11 22:29:11.351351344,2018-04-15 22:29:11.351351344
100759,Second Class,2,2,1.0,534.13,5.36,Sports,West,2016-10-06 12:06:29.189189184,2016-10-08 12:06:29.189189184
100760,Second Class,4,3,6.0,286.5,4.16,Clothing,Central,2016-12-25 21:14:14.054054048,2016-12-29 21:14:14.054054048
100761,Standard Class,4,5,2.0,295.59,28.16,Clothing,East,2015-06-13 16:24:30.270270270,2015-06-17 16:24:30.270270270
100762,Standard Class,6,5,6.0,314.13,-11.24,Clothing,Central,2017-10-06 20:52:36.756756752,2017-10-12 20:52:36.756756752
100763,Standard Class,2,5,1.0,147.43,15.51,Sports,West,2015-12-06 01:25:02.702702700,2015-12-08 01:25:02.702702700
100764,Second Class,4,3,2.0,207.77,0.64,Sports,West,2018-06-24 00:14:24.864864864,2018-06-28 00:14:24.864864864
100765,Standard Class,3,5,1.0,250.46,50.77,Electronic Supplies,South,2017-06-06 02:34:14.054054048,2017-06-09 02:34:14.054054048
100766,First Class,4,1,1.0,158.79,18.95,Electronic Supplies,Central,2017-09-07 15:22:31.351351344,2017-09-11 15:22:31.351351344
100767,Second Class,5,2,3.0,92.06,25.75,Electronic Supplies,West,2016-06-29 03:00:10.810810808,2016-07-04 03:00:10.810810808
100768,Second Class,4,2,1.0,145.04,13.31,Electronic Supplies,Central,2018-12-04 16:38:55.135135136,2018-12-08 16:38:55.135135136
100769,Standard Class,4,5,3.0,90.73,-12.75,Clothing,East,2018-05-15 13:12:47.567567568,2018-05-19 13:12:47.567567568
100770,Second Class,4,3,1.0,179.8,40.75,Sports,West,2015-12-07 12:29:32.972972972,2015-12-11 12:29:32.972972972
100771,Standard Class,4,4,2.0,54.2,8.14,Sports,Central,2018-02-21 05:56:02.162162160,2018-02-25 05:56:02.162162160
100772,Second Class,6,2,4.0,215.22,34.98,Clothing,West,2017-09-14 22:45:02.702702704,2017-09-20 22:45:02.702702704
100773,Standard Class,6,5,2.0,59.72,1.78,Electronic Supplies,West,2016-04-08 06:47:55.675675672,2016-04-14 06:47:55.675675672
100774,Standard Class,7,5,3.0,132.65,14.14,Electronic Supplies,South,2017-08-05 00:38:55.135135136,2017-08-12 00:38:55.135135136
100775,Second Class,6,2,3.0,239.29,29.89,Clothing,West,2016-08-22 04:46:50.810810808,2016-08-28 04:46:50.810810808
100776,Standard Class,4,3,4.0,288.37,26.23,Clothing,South,2018-08-05 09:25:02.702702704,2018-08-09 09:25:02.702702704
100777,Standard Class,5,5,2.0,266.94,-7.67,Sports,East,2017-11-02 04:13:41.621621616,2017-11-07 04:13:41.621621616
100778,Second Class,4,2,,212.26,70.36,Sports,Central,2016-06-07 04:52:36.756756752,2016-06-11 04:52:36.756756752
100779,Second Class,3,3,6.0,83.3,14.73,Electronic Supplies,East,2016-01-13 01:22:09.729729728,2016-01-16 01:22:09.729729728
100780,First Class,6,2,3.0,326.16,46.85,Clothing,East,2017-12-23 07:51:21.081081072,2017-12-29 07:51:21.081081072
100781,First Class,2,1,2.0,84.55,18.19,Clothing,West,2017-07-05 08:04:19.459459456,2017-07-07 08:04:19.459459456
100782,First Class,7,2,3.0,351.24,56.74,Clothing,West,2017-07-12 15:26:50.810810800,2017-07-19 15:26:50.810810800
100783,Standard Class,4,3,3.0,259.31,14.48,Clothing,East,2016-02-17 03:10:16.216216216,2016-02-21 03:10:16.216216216
100784,Standard Class,5,5,3.0,417.08,87.58,Clothing,Central,2016-07-03 12:13:41.621621616,2016-07-08 12:13:41.621621616
100785,Standard Class,5,3,1.0,175.24,31.22,Electronic Supplies,Central,2016-07-15 04:49:43.783783784,2016-07-20 04:49:43.783783784
100786,Second Class,6,3,1.0,101.27,5.96,Clothing,West,2015-11-24 08:49:00.540540540,2015-11-30 08:49:00.540540540
100787,First Class,5,2,4.0,74.42,12.89,Clothing,West,2018-10-24 18:32:47.567567568,2018-10-29 18:32:47.567567568
100788,Standard Class,5,4,1.0,80.0,7.26,Clothing,West,2018-04-04 15:06:40.000000000,2018-04-09 15:06:40.000000000
100789,Standard Class,2,3,3.0,59.51,7.54,Clothing,East,2016-11-20 19:26:07.567567568,2016-11-22 19:26:07.567567568
100790,Second Class,4,3,2.0,318.08,50.25,Electronic Supplies,Central,2016-05-22 03:03:03.783783784,2016-05-26 03:03:03.783783784
100791,Standard Class,3,4,2.0,345.1,75.74,Sports,West,2017-01-08 00:54:46.486486488,2017-01-11 00:54:46.486486488
100792,First Class,5,1,1.0,247.13,14.41,Sports,West,2017-07-22 20:58:22.702702704,2017-07-27 20:58:22.702702704
100793,First Class,4,2,1.0,168.77,23.49,Clothing,East,2018-12-13 11:05:56.756756752,2018-12-17 11:05:56.756756752
100794,First Class,5,1,5.0,658.28,178.56,Clothing,West,2018-09-18 05:40:10.810810800,2018-09-23 05:40:10.810810800
100795,Standard Class,2,5,5.0,161.77,15.52,Clothing,East,2018-08-15 14:56:34.594594592,2018-08-17 14:56:34.594594592
100796,Second Class,2,3,3.0,199.06,25.03,Clothing,West,2017-06-23 15:28:17.297297296,2017-06-25 15:28:17.297297296
100797,Second Class,5,2,2.0,167.15,45.32,Electronic Supplies,South,2018-06-03 13:11:21.081081072,2018-06-08 13:11:21.081081072
100798,First Class,2,2,3.0,138.39,22.28,Clothing,West,2018-03-19 13:17:07.027027024,2018-03-21 13:17:07.027027024
100799,First Class,2,2,3.0,259.86,-2.06,Sports,East,2017-07-31 15:25:24.324324320,2017-08-02 15:25:24.324324320
100800,Second Class,1,2,2.0,114.23,5.3,Clothing,East,2018-05-21 09:30:48.648648640,2018-05-22 09:30:48.648648640
100801,Second Class,7,3,1.0,109.36,18.06,Sports,West,2017-03-23 13:44:30.270270264,2017-03-30 13:44:30.270270264
100802,Standard Class,5,5,3.0,268.53,38.63,Electronic Supplies,West,2018-10-30 14:50:48.648648640,2018-11-04 14:50:48.648648640
100803,First Class,4,1,3.0,124.78,15.35,Sports,West,2017-04-23 06:19:05.945945936,2017-04-27 06:19:05.945945936
100804,First Class,3,1,6.0,188.06,53.2,Sports,West,2018-03-07 20:41:04.864864864,2018-03-10 20:41:04.864864864
100805,Standard Class,4,3,1.0,138.12,8.37,Electronic Supplies,Central,2015-05-05 05:22:52.972972972,2015-05-09 05:22:52.972972972
100806,Second Class,5,2,3.0,171.14,17.81,Sports,South,2015-12-20 16:10:05.405405404,2015-12-25 16:10:05.405405404
100807,Second Class,5,2,3.0,111.31,-5.24,Clothing,West,2017-10-17 02:24:08.648648640,2017-10-22 02:24:08.648648640
100808,Second Class,3,3,2.0,113.71,23.07,Clothing,East,2015-08-21 08:56:12.972972972,2015-08-24 08:56:12.972972972
100809,Standard Class,3,5,1.0,101.21,4.66,Sports,West,2017-02-04 19:20:21.621621616,2017-02-07 19:20:21.621621616
100810,Standard Class,2,4,2.0,298.32,58.04,Sports,Central,2015-02-21 03:37:39.459459459,2015-02-23 03:37:39.459459459
100811,Same Day,5,0,2.0,192.81,35.89,Clothing,Central,2017-02-28 04:32:25.945945944,2017-03-05 04:32:25.945945944
100812,Second Class,5,2,2.0,313.27,93.33,Clothing,Central,2015-09-06 10:45:45.945945944,2015-09-11 10:45:45.945945944
100813,Standard Class,3,4,3.0,335.8,54.38,Electronic Supplies,West,2017-08-13 19:05:56.756756752,2017-08-16 19:05:56.756756752
100814,Second Class,1,3,3.0,127.88,10.42,Clothing,South,2018-07-24 16:49:00.540540544,2018-07-25 16:49:00.540540544
100815,Second Class,2,2,3.0,305.83,44.74,Clothing,West,2018-06-06 11:20:21.621621616,2018-06-08 11:20:21.621621616
100816,First Class,8,2,5.0,170.86,8.42,Clothing,East,2018-05-22 20:35:18.918918912,2018-05-30 20:35:18.918918912
100817,First Class,3,2,2.0,155.53,21.08,Electronic Supplies,East,2018-10-11 14:52:15.135135136,2018-10-14 14:52:15.135135136
100818,Standard Class,5,3,1.0,389.18,36.55,Clothing,Central,2017-12-07 06:01:48.108108112,2017-12-12 06:01:48.108108112
100819,Standard Class,5,4,3.0,247.14,25.79,Sports,Central,2015-05-19 20:07:55.675675676,2015-05-24 20:07:55.675675676
100820,Standard Class,4,4,1.0,137.13,5.23,Clothing,West,2017-04-02 19:16:02.162162160,2017-04-06 19:16:02.162162160
100821,Second Class,3,2,2.0,236.92,31.76,Sports,South,2015-12-17 18:01:04.864864864,2015-12-20 18:01:04.864864864
100822,Standard Class,2,4,1.0,75.74,13.33,Electronic Supplies,East,2017-12-20 09:42:20.540540544,2017-12-22 09:42:20.540540544
100823,Standard Class,5,4,1.0,202.5,-4.49,Clothing,West,2017-04-18 21:05:35.135135136,2017-04-23 21:05:35.135135136
100824,Standard Class,5,5,4.0,65.06,3.57,Sports,South,2017-10-05 09:48:06.486486480,2017-10-10 09:48:06.486486480
100825,First Class,5,1,1.0,90.93,11.22,Clothing,Central,2016-11-03 06:32:04.324324320,2016-11-08 06:32:04.324324320
100826,Second Class,4,3,2.0,252.15,-19.61,Clothing,West,2017-03-19 04:30:59.459459456,2017-03-23 04:30:59.459459456
100827,Standard Class,2,4,1.0,30.4,7.58,Electronic Supplies,West,2018-07-21 18:40:00.000000000,2018-07-23 18:40:00.000000000
100828,Standard Class,8,4,3.0,556.48,29.56,Clothing,West,2015-10-29 01:27:55.675675676,2015-11-06 01:27:55.675675676
100829,Second Class,6,3,2.0,296.61,10.37,Sports,Central,2016-07-26 21:25:45.945945944,2016-08-01 21:25:45.945945944
100830,Standard Class,3,5,3.0,52.19,4.88,Clothing,West,2018-03-06 09:36:34.594594592,2018-03-09 09:36:34.594594592
100831,Standard Class,8,5,2.0,819.77,99.18,Clothing,West,2016-08-03 04:48:17.297297296,2016-08-11 04:48:17.297297296
100832,Standard Class,5,4,1.0,980.6,48.52,Clothing,Central,2018-01-24 11:30:27.027027024,2018-01-29 11:30:27.027027024
100833,Standard Class,5,4,2.0,153.34,28.89,Sports,East,2018-05-24 07:39:49.189189184,2018-05-29 07:39:49.189189184
100834,Standard Class,5,3,1.0,94.42,13.41,Clothing,Central,2015-11-14 03:17:28.648648648,2015-11-19 03:17:28.648648648
100835,Standard Class,6,4,2.0,516.0,22.2,Sports,South,2015-01-06 20:18:01.081081081,2015-01-12 20:18:01.081081081
100836,Standard Class,5,4,2.0,137.9,9.41,Clothing,East,2018-01-27 09:39:27.567567568,2018-02-01 09:39:27.567567568
100837,Second Class,2,2,5.0,191.46,-2.17,Clothing,South,2017-07-27 06:11:53.513513504,2017-07-29 06:11:53.513513504
100838,Standard Class,4,5,1.0,380.41,3.7,Sports,East,2018-09-19 16:44:41.081081072,2018-09-23 16:44:41.081081072
100839,First Class,7,2,3.0,156.06,22.01,Electronic Supplies,Central,2017-06-13 09:56:45.405405408,2017-06-20 09:56:45.405405408
100840,First Class,3,1,1.0,147.42,6.46,Clothing,Central,2017-12-14 13:24:19.459459456,2017-12-17 13:24:19.459459456
100841,Standard Class,4,3,2.0,75.41,19.18,Sports,Central,2017-03-08 22:59:27.567567568,2017-03-12 22:59:27.567567568
100842,First Class,4,1,2.0,114.45,13.24,Clothing,Central,2017-11-25 13:25:45.945945936,2017-11-29 13:25:45.945945936
100843,Standard Class,4,5,5.0,145.55,0.26,Sports,West,2017-09-25 04:16:34.594594592,2017-09-29 04:16:34.594594592
100844,Same Day,5,0,1.0,77.09,1.43,Electronic Supplies,Central,2015-05-24 05:21:26.486486486,2015-05-29 05:21:26.486486486
100845,Standard Class,7,5,1.0,81.76,15.88,Electronic Supplies,East,2018-03-21 00:21:37.297297296,2018-03-28 00:21:37.297297296
100846,Standard Class,3,4,2.0,176.24,18.31,Sports,East,2017-11-28 11:34:46.486486480,2017-12-01 11:34:46.486486480
100847,Standard Class,2,3,1.0,51.82,9.81,Clothing,West,2017-04-17 10:01:04.864864864,2017-04-19 10:01:04.864864864
100848,Same Day,3,0,1.0,97.37,7.86,Electronic Supplies,West,2016-08-16 08:28:49.729729728,2016-08-19 08:28:49.729729728
100849,First Class,6,2,3.0,610.32,39.78,Sports,West,2017-01-03 15:41:15.675675672,2017-01-09 15:41:15.675675672
100850,First Class,5,2,1.0,137.75,27.49,Clothing,South,2015-03-10 16:31:42.702702702,2015-03-15 16:31:42.702702702
100851,Standard Class,3,4,1.0,126.98,5.25,Clothing,Central,2015-02-16 18:24:08.648648648,2015-02-19 18:24:08.648648648
100852,Second Class,6,2,3.0,137.35,20.48,Electronic Supplies,East,2018-02-12 11:29:00.540540544,2018-02-18 11:29:00.540540544
100853,Standard Class,6,4,2.0,138.77,12.91,Electronic Supplies,East,2018-05-11 03:59:16.756756752,2018-05-17 03:59:16.756756752
100854,Second Class,6,3,1.0,250.55,45.17,Clothing,East,2015-10-20 07:00:54.054054052,2015-10-26 07:00:54.054054052
100855,Standard Class,7,3,1.0,239.41,61.16,Sports,West,2015-07-15 20:03:36.216216216,2015-07-22 20:03:36.216216216
100856,Standard Class,3,4,3.0,133.75,10.52,Electronic Supplies,East,2015-02-09 11:01:37.297297297,2015-02-12 11:01:37.297297297
100857,Standard Class,5,5,1.0,150.06,9.94,Clothing,East,2018-07-10 02:03:57.837837840,2018-07-15 02:03:57.837837840
100858,Standard Class,4,3,2.0,404.76,66.08,Clothing,East,2015-12-03 03:16:02.162162160,2015-12-07 03:16:02.162162160
100859,First Class,6,1,1.0,64.61,1.51,Sports,South,2016-12-15 15:42:42.162162160,2016-12-21 15:42:42.162162160
100860,Standard Class,5,4,3.0,166.1,39.75,Clothing,South,2018-02-02 05:57:28.648648640,2018-02-07 05:57:28.648648640
100861,Second Class,5,2,2.0,188.28,42.49,Clothing,East,2016-07-06 10:22:42.162162160,2016-07-11 10:22:42.162162160
100862,Standard Class,5,5,3.0,104.08,3.13,Sports,Central,2016-02-25 21:37:17.837837840,2016-03-01 21:37:17.837837840
100863,First Class,3,2,4.0,160.0,-2.66,Electronic Supplies,South,2016-09-02 21:22:52.972972968,2016-09-05 21:22:52.972972968
100864,Standard Class,4,5,3.0,95.34,1.64,Sports,South,2017-09-12 00:36:02.162162160,2017-09-16 00:36:02.162162160
100865,Standard Class,8,5,1.0,260.91,4.79,Sports,Central,2016-07-25 10:21:15.675675672,2016-08-02 10:21:15.675675672
100866,First Class,7,1,1.0,72.25,12.58,Clothing,East,2017-05-15 04:26:40.000000000,2017-05-22 04:26:40.000000000
100867,Standard Class,2,3,2.0,343.96,80.46,Clothing,South,2016-12-28 19:23:14.594594592,2016-12-30 19:23:14.594594592
100868,Standard Class,3,3,1.0,164.41,28.48,Sports,West,2015-07-21 16:21:37.297297296,2015-07-24 16:21:37.297297296
100869,Second Class,3,3,1.0,128.87,11.74,Clothing,Central,2015-04-01 14:39:16.756756756,2015-04-04 14:39:16.756756756
100870,Second Class,5,3,4.0,89.74,12.33,Electronic Supplies,West,2016-11-19 08:21:37.297297296,2016-11-24 08:21:37.297297296
100871,Standard Class,6,3,2.0,336.95,13.62,Clothing,South,2017-08-03 13:34:24.864864864,2017-08-09 13:34:24.864864864
100872,Standard Class,3,4,2.0,112.88,22.33,Clothing,South,2015-07-07 01:36:34.594594594,2015-07-10 01:36:34.594594594
100873,First Class,4,1,3.0,80.74,11.67,Clothing,West,2018-11-27 09:16:23.783783776,2018-12-01 09:16:23.783783776
100874,Standard Class,6,3,3.0,341.54,58.7,Electronic Supplies,West,2017-01-29 23:02:20.540540536,2017-02-04 23:02:20.540540536
100875,Standard Class,5,5,1.0,95.79,4.96,Clothing,Central,2018-05-09 16:54:46.486486480,2018-05-14 16:54:46.486486480
100876,Standard Class,4,4,4.0,162.16,15.65,Clothing,South,2018-11-06 22:13:20.000000000,2018-11-10 22:13:20.000000000
100877,Second Class,5,2,1.0,293.6,49.33,Clothing,Central,2015-04-04 12:48:17.297297297,2015-04-09 12:48:17.297297297
100878,First Class,4,1,3.0,191.08,43.08,Electronic Supplies,South,2018-04-01 16:57:39.459459456,2018-04-05 16:57:39.459459456
100879,Standard Class,3,3,4.0,531.15,32.59,Clothing,East,2015-01-21 11:03:03.783783783,2015-01-24 11:03:03.783783783
100880,Standard Class,5,5,3.0,100.21,17.28,Clothing,South,2015-08-16 23:42:42.162162160,2015-08-21 23:42:42.162162160
100881,Standard Class,5,4,3.0,150.38,7.98,Clothing,Central,2015-02-28 11:00:10.810810811,2015-03-05 11:00:10.810810811
100882,First Class,6,1,1.0,158.13,44.18,Sports,East,2016-12-20 00:56:12.972972968,2016-12-26 00:56:12.972972968
100883,Standard Class,5,5,2.0,258.22,19.83,Clothing,Central,2016-07-07 21:27:12.432432432,2016-07-12 21:27:12.432432432
100884,Standard Class,5,5,3.0,398.46,64.34,Clothing,West,2015-10-01 07:02:20.540540540,2015-10-06 07:02:20.540540540
100885,Second Class,3,3,2.0,180.88,22.29,Clothing,South,2018-01-20 02:16:56.216216208,2018-01-23 02:16:56.216216208
100886,Standard Class,4,4,4.0,157.67,50.21,Sports,West,2015-11-12 16:12:58.378378376,2015-11-16 16:12:58.378378376
100887,First Class,1,1,2.0,65.76,8.44,Sports,East,2018-03-02 00:23:03.783783776,2018-03-03 00:23:03.783783776
100888,Standard Class,3,3,1.0,185.5,12.76,Sports,Central,2015-03-17 23:54:14.054054054,2015-03-20 23:54:14.054054054
100889,Standard Class,5,3,1.0,112.99,,Electronic Supplies,South,2018-07-07 03:54:57.297297296,2018-07-12 03:54:57.297297296
100890,Standard Class,9,3,2.0,257.75,41.08,Electronic Supplies,West,2016-05-07 12:18:01.081081080,2016-05-16 12:18:01.081081080
100891,Second Class,2,3,2.0,132.12,12.87,Clothing,West,2017-12-29 04:09:22.162162160,2017-12-31 04:09:22.162162160
100892,Second Class,4,2,3.0,147.46,3.31,Sports,West,2017-11-16 18:58:44.324324320,2017-11-20 18:58:44.324324320
100893,Second Class,6,2,3.0,66.74,4.52,Sports,West,2017-11-24 02:21:15.675675680,2017-11-30 02:21:15.675675680
100894,Standard Class,3,3,4.0,53.12,9.59,Electronic Supplies,East,2016-03-07 03:08:49.729729728,2016-03-10 03:08:49.729729728
100895,First Class,4,1,4.0,578.04,-17.22,Clothing,West,2017-10-21 11:37:39.459459456,2017-10-25 11:37:39.459459456
100896,Standard Class,5,4,4.0,187.6,16.91,Sports,West,2016-01-02 19:50:37.837837836,2016-01-07 19:50:37.837837836
100897,Standard Class,5,4,1.0,224.26,42.52,Clothing,South,2017-11-27 00:30:16.216216208,2017-12-02 00:30:16.216216208
100898,Second Class,3,2,3.0,95.3,9.77,Electronic Supplies,South,2016-11-04 17:36:34.594594592,2016-11-07 17:36:34.594594592
100899,Standard Class,4,4,1.0,304.63,86.48,Clothing,Central,2016-10-26 23:09:32.972972968,2016-10-30 23:09:32.972972968
100900,Standard Class,6,5,1.0,270.92,-8.01,Clothing,East,2018-12-26 14:46:29.189189184,2019-01-01 14:46:29.189189184
100901,Standard Class,4,3,3.0,102.35,3.39,Clothing,Central,2018-04-06 02:11:10.270270272,2018-04-10 02:11:10.270270272
100902,Standard Class,1,3,2.0,86.6,-6.51,Clothing,Central,2018-06-13 18:42:52.972972976,2018-06-14 18:42:52.972972976
100903,Standard Class,5,5,1.0,107.11,28.87,Sports,West,2016-01-29 03:11:42.702702700,2016-02-03 03:11:42.702702700
100904,First Class,2,1,1.0,169.29,5.82,Clothing,South,2015-10-21 18:05:24.324324324,2015-10-23 18:05:24.324324324
100905,Standard Class,5,5,1.0,192.22,-9.41,Clothing,Central,2015-08-24 07:05:13.513513512,2015-08-29 07:05:13.513513512
100906,Second Class,3,2,5.0,176.79,10.79,Electronic Supplies,East,2017-03-22 02:40:00.000000000,2017-03-25 02:40:00.000000000
100907,Second Class,7,2,1.0,401.09,-0.57,Clothing,South,2017-12-01 09:43:47.027027024,2017-12-08 09:43:47.027027024
100908,Standard Class,4,4,1.0,108.34,6.68,Sports,South,2016-08-09 01:06:18.378378376,2016-08-13 01:06:18.378378376
100909,Standard Class,4,5,2.0,85.09,9.64,Clothing,East,2017-10-22 22:42:09.729729728,2017-10-26 22:42:09.729729728
100910,Standard Class,3,5,2.0,172.44,30.07,Clothing,West,2016-11-26 15:44:08.648648648,2016-11-29 15:44:08.648648648
100911,First Class,3,2,5.0,57.37,5.51,Electronic Supplies,East,2018-04-14 20:38:11.891891888,2018-04-17 20:38:11.891891888
100912,Standard Class,6,4,1.0,271.03,30.36,Sports,Central,2018-01-31 18:52:58.378378368,2018-02-06 18:52:58.378378368
100913,First Class,9,1,2.0,183.77,11.66,Clothing,Central,2015-06-03 10:52:58.378378378,2015-06-12 10:52:58.378378378
100914,Standard Class,4,4,3.0,138.42,-1.51,Electronic Supplies,Central,2017-04-05 17:25:02.702702704,2017-04-09 17:25:02.702702704
100915,First Class,4,1,5.0,133.51,-5.04,Electronic Supplies,East,2016-07-22 12:12:15.135135136,2016-07-26 12:12:15.135135136
100916,Standard Class,5,4,3.0,311.53,25.18,Electronic Supplies,South,2015-01-02 11:04:30.270270270,2015-01-07 11:04:30.270270270
100917,Standard Class,6,5,4.0,305.15,35.63,Clothing,West,2018-10-01 09:20:43.243243232,2018-10-07 09:20:43.243243232
100918,Second Class,5,3,1.0,146.92,11.01,Clothing,East,2018-12-06 03:43:25.405405408,2018-12-11 03:43:25.405405408
100919,Second Class,4,2,2.0,253.32,-8.8,Sports,East,2017-03-30 21:07:01.621621616,2017-04-03 21:07:01.621621616
100920,Standard Class,4,4,2.0,302.23,38.11,Sports,Central,2015-04-27 22:00:21.621621622,2015-05-01 22:00:21.621621622
100921,Second Class,5,2,4.0,214.45,51.54,Clothing,West,2015-10-27 14:23:25.405405404,2015-11-01 14:23:25.405405404
100922,Standard Class,1,5,1.0,150.87,15.21,Sports,South,2015-02-19 16:33:09.189189189,2015-02-20 16:33:09.189189189
100923,Second Class,5,2,1.0,220.91,14.06,Clothing,Central,2018-02-06 15:10:59.459459456,2018-02-11 15:10:59.459459456
100924,Second Class,4,3,2.0,87.76,9.23,Clothing,Central,2017-01-12 10:08:17.297297296,2017-01-16 10:08:17.297297296
100925,Standard Class,6,5,1.0,180.59,3.91,Clothing,West,2016-09-16 01:03:25.405405400,2016-09-22 01:03:25.405405400
100926,Standard Class,2,3,1.0,148.19,2.44,Sports,West,2016-10-25 12:05:02.702702704,2016-10-27 12:05:02.702702704
100927,Standard Class,5,5,6.0,133.83,19.55,Clothing,East,2016-06-18 21:28:38.918918920,2016-06-23 21:28:38.918918920
100928,First Class,4,2,2.0,56.14,10.62,Electronic Supplies,West,2015-05-13 23:49:54.594594594,2015-05-17 23:49:54.594594594
100929,First Class,5,2,3.0,88.42,8.69,Sports,West,2016-05-10 10:27:01.621621624,2016-05-15 10:27:01.621621624
100930,Standard Class,2,5,3.0,125.73,-6.02,Sports,Central,2018-08-03 22:20:32.432432432,2018-08-05 22:20:32.432432432
100931,Standard Class,5,3,2.0,308.52,42.66,Electronic Supplies,East,2017-04-04 06:20:32.432432432,2017-04-09 06:20:32.432432432
100932,Second Class,5,2,1.0,207.64,57.18,Sports,East,2016-05-19 04:54:03.243243240,2016-05-24 04:54:03.243243240
100933,Same Day,5,0,1.0,317.6,28.74,Electronic Supplies,South,2018-02-08 02:15:29.729729728,2018-02-13 02:15:29.729729728
100934,First Class,5,2,2.0,386.79,37.04,Clothing,South,2015-12-19 05:05:35.135135136,2015-12-24 05:05:35.135135136
100935,Standard Class,5,3,3.0,213.59,8.58,Clothing,South,2015-01-19 23:58:33.513513513,2015-01-24 23:58:33.513513513
100936,Standard Class,6,5,2.0,188.89,28.05,Clothing,West,2016-04-05 08:38:55.135135136,2016-04-11 08:38:55.135135136
100937,Standard Class,3,4,1.0,91.61,5.16,Clothing,West,2017-05-26 21:02:42.162162160,2017-05-29 21:02:42.162162160
100938,Second Class,6,3,2.0,627.24,120.25,Electronic Supplies,West,2016-07-19 14:03:14.594594592,2016-07-25 14:03:14.594594592
100939,Standard Class,4,4,5.0,68.61,3.94,Clothing,South,2016-02-03 23:29:43.783783784,2016-02-07 23:29:43.783783784
100940,First Class,2,2,4.0,186.27,25.58,Sports,Central,2015-08-31 14:27:44.864864864,2015-09-02 14:27:44.864864864
100941,Standard Class,2,5,4.0,296.28,31.49,Sports,East,2018-05-12 15:03:47.027027024,2018-05-14 15:03:47.027027024
100942,First Class,4,1,4.0,298.98,70.08,Sports,West,2018-12-20 18:28:28.108108096,2018-12-24 18:28:28.108108096
100943,First Class,6,2,2.0,81.39,11.62,Clothing,West,2017-08-02 02:29:54.594594592,2017-08-08 02:29:54.594594592
100944,Second Class,5,3,3.0,131.24,29.0,Sports,Central,2018-04-10 11:24:41.081081072,2018-04-15 11:24:41.081081072
100945,Standard Class,6,5,1.0,102.58,12.18,Clothing,West,2016-12-08 08:20:10.810810808,2016-12-14 08:20:10.810810808
100946,Standard Class,4,4,3.0,47.59,4.58,Clothing,West,2018-12-03 05:34:24.864864864,2018-12-07 05:34:24.864864864
100947,Standard Class,4,4,3.0,187.68,20.07,Sports,East,2017-01-06 13:50:16.216216216,2017-01-10 13:50:16.216216216
100948,Second Class,3,3,1.0,108.15,5.22,Sports,West,2018-04-29 11:23:14.594594592,2018-05-02 11:23:14.594594592
100949,Second Class,4,3,4.0,458.78,69.98,Clothing,East,2015-12-22 03:14:35.675675676,2015-12-26 03:14:35.675675676
100950,First Class,4,1,5.0,257.2,14.09,Electronic Supplies,South,2017-04-07 04:29:32.972972968,2017-04-11 04:29:32.972972968
100951,First Class,2,2,1.0,177.13,21.08,Clothing,East,2018-07-02 18:41:26.486486480,2018-07-04 18:41:26.486486480
100952,First Class,3,2,4.0,126.82,22.63,Clothing,West,2017-04-01 08:11:31.891891888,2017-04-04 08:11:31.891891888
100953,Standard Class,5,3,1.0,185.83,43.98,Clothing,Central,2017-09-29 13:30:05.405405408,2017-10-04 13:30:05.405405408
100954,Second Class,5,2,3.0,146.01,17.96,Sports,Central,2015-10-04 05:11:21.081081080,2015-10-09 05:11:21.081081080
100955,Standard Class,9,3,2.0,180.4,32.27,Sports,West,2018-02-16 20:42:31.351351344,2018-02-25 20:42:31.351351344
100956,Standard Class,7,3,2.0,593.52,100.51,Clothing,East,2017-10-18 13:28:38.918918912,2017-10-25 13:28:38.918918912
100957,First Class,5,2,5.0,86.31,6.85,Clothing,East,2016-11-25 04:39:38.378378376,2016-11-30 04:39:38.378378376
100958,Standard Class,4,4,4.0,154.53,43.06,Sports,Central,2017-09-22 06:07:34.054054048,2017-09-26 06:07:34.054054048
100959,Standard Class,5,5,4.0,272.91,17.44,Clothing,South,2017-01-15 08:17:17.837837832,2017-01-20 08:17:17.837837832
100960,Second Class,6,3,1.0,132.94,15.59,Clothing,West,2015-03-26 18:21:15.675675675,2015-04-01 18:21:15.675675675
100961,Standard Class,2,5,5.0,481.71,109.03,Sports,Central,2016-11-23 17:35:08.108108104,2016-11-25 17:35:08.108108104
100962,First Class,4,1,1.0,268.0,60.13,Clothing,West,2017-03-29 10:02:31.351351352,2017-04-02 10:02:31.351351352
100963,Standard Class,6,5,4.0,108.06,12.01,Electronic Supplies,South,2018-06-05 00:15:51.351351344,2018-06-11 00:15:51.351351344
100964,Standard Class,4,4,2.0,196.89,37.26,Clothing,West,2017-12-27 17:04:51.891891888,2017-12-31 17:04:51.891891888
100965,Standard Class,5,5,1.0,109.07,10.04,Sports,East,2016-01-04 06:55:08.108108108,2016-01-09 06:55:08.108108108
100966,Standard Class,5,5,3.0,102.74,7.28,Clothing,West,2015-01-31 16:34:35.675675675,2015-02-05 16:34:35.675675675
100967,Second Class,3,2,1.0,157.41,2.04,Electronic Supplies,Central,2016-04-02 10:29:54.594594592,2016-04-05 10:29:54.594594592
100968,Standard Class,4,5,1.0,392.07,65.83,Clothing,East,2016-11-01 19:27:34.054054048,2016-11-05 19:27:34.054054048
100969,First Class,4,1,2.0,279.93,49.36,Sports,Central,2015-08-22 20:00:43.243243244,2015-08-26 20:00:43.243243244
100970,Standard Class,1,3,1.0,169.92,10.97,Sports,West,2016-02-08 08:43:14.594594592,2016-02-09 08:43:14.594594592
100971,First Class,1,2,1.0,286.51,37.66,Clothing,Central,2018-10-27 16:41:48.108108096,2018-10-28 16:41:48.108108096
100972,Second Class,6,3,1.0,205.33,66.13,Clothing,South,2015-10-07 03:20:21.621621620,2015-10-13 03:20:21.621621620
100973,Second Class,3,2,2.0,80.61,16.26,Sports,East,2016-07-16 15:54:14.054054056,2016-07-19 15:54:14.054054056
100974,Standard Class,4,4,1.0,156.91,5.94,Electronic Supplies,Central,2018-03-22 11:26:07.567567568,2018-03-26 11:26:07.567567568
100975,Standard Class,3,4,3.0,164.42,31.26,Clothing,East,2016-08-26 14:00:21.621621616,2016-08-29 14:00:21.621621616
100976,Standard Class,7,4,1.0,282.9,10.82,Clothing,Central,2016-12-18 13:51:42.702702704,2016-12-25 13:51:42.702702704
100977,First Class,3,1,5.0,119.32,-14.51,Electronic Supplies,East,2016-05-16 06:45:02.702702704,2016-05-19 06:45:02.702702704
100978,Standard Class,4,3,4.0,95.28,10.33,Clothing,East,2018-01-28 20:43:57.837837840,2018-02-01 20:43:57.837837840
100979,Standard Class,6,4,1.0,167.4,39.35,Electronic Supplies,Central,2016-03-26 03:07:23.243243240,2016-04-01 03:07:23.243243240
100980,First Class,6,2,4.0,113.35,25.14,Sports,Central,2017-08-24 00:37:28.648648640,2017-08-30 00:37:28.648648640
100981,Standard Class,3,3,4.0,139.73,19.59,Sports,East,2015-07-09 23:45:35.135135134,2015-07-12 23:45:35.135135134
100982,Second Class,6,3,6.0,163.6,10.91,Clothing,Central,2017-08-26 22:46:29.189189184,2017-09-01 22:46:29.189189184
100983,Standard Class,4,3,3.0,134.43,20.02,Clothing,West,2018-06-26 22:23:25.405405408,2018-06-30 22:23:25.405405408
100984,Standard Class,4,4,1.0,322.49,28.53,Sports,West,2015-05-25 16:25:56.756756756,2015-05-29 16:25:56.756756756
100985,Second Class,3,2,3.0,432.37,29.79,Electronic Supplies,West,2016-06-27 15:55:40.540540536,2016-06-30 15:55:40.540540536
100986,Standard Class,2,4,3.0,302.14,58.91,Electronic Supplies,East,2015-05-08 03:31:53.513513514,2015-05-10 03:31:53.513513514
100987,First Class,5,1,3.0,54.53,3.7,Clothing,West,2016-10-31 08:23:03.783783784,2016-11-05 08:23:03.783783784
100988,Standard Class,4,5,2.0,113.6,22.74,Clothing,South,2016-04-27 06:46:29.189189184,2016-05-01 06:46:29.189189184
100989,Standard Class,4,3,4.0,153.53,9.61,Clothing,Central,2015-11-09 18:03:57.837837836,2015-11-13 18:03:57.837837836
100990,Second Class,5,2,5.0,51.93,14.26,Electronic Supplies,Central,2016-11-12 00:59:05.945945944,2016-11-17 00:59:05.945945944
100991,Second Class,5,3,1.0,97.58,-2.07,Clothing,Central,2015-06-26 20:05:02.702702702,2015-07-01 20:05:02.702702702
100992,First Class,3,1,1.0,152.26,5.09,Clothing,Central,2017-06-16 08:05:45.945945936,2017-06-19 08:05:45.945945936
100993,Standard Class,5,3,1.0,128.79,12.57,Clothing,Central,2015-01-30 05:30:05.405405405,2015-02-04 05:30:05.405405405
100994,First Class,3,1,4.0,173.4,-8.45,Clothing,West,2017-10-20 00:33:09.189189184,2017-10-23 00:33:09.189189184
100995,Standard Class,5,5,3.0,70.28,-6.72,Electronic Supplies,East,2015-04-14 18:19:49.189189189,2015-04-19 18:19:49.189189189
100996,Standard Class,5,3,3.0,127.84,-6.14,Sports,South,2015-06-04 21:57:28.648648648,2015-06-09 21:57:28.648648648
100997,Second Class,7,2,2.0,190.33,16.49,Clothing,Central,2016-01-30 14:16:12.972972972,2016-02-06 14:16:12.972972972
100998,Standard Class,2,5,3.0,173.58,15.39,Clothing,East,2018-06-10 20:33:52.432432432,2018-06-12 20:33:52.432432432
100999,Same Day,2,0,2.0,230.55,31.5,Clothing,South,2016-09-27 17:39:27.567567568,2016-09-29 17:39:27.567567568
100999,Same Day,2,0,2.0,230.55,31.5,Clothing,South,2016-09-27 17:39:27.567567568,2016-09-29 17:39:27.567567568
